id,region,date,gpr_ai,gpr_aer,gpr_oil,gpr_nonoil
1,global,2016-01-01,,,,
2,global,2016-01-02,,,,
3,global,2016-01-03,,,,
4,global,2016-01-04,,,,
5,global,2016-01-05,,,,
6,global,2016-01-06,,,,
7,global,2016-01-07,,,,
8,global,2016-01-08,,,,
9,global,2016-01-09,,,,
10,global,2016-01-10,,,,
11,global,2016-01-11,,,,
12,global,2016-01-12,,,,
13,global,2016-01-13,,,,
14,global,2016-01-14,,,,
15,global,2016-01-15,,,,
16,global,2016-01-16,,,,
17,global,2016-01-17,,,,
18,global,2016-01-18,,,,
19,global,2016-01-19,,,,
20,global,2016-01-20,,,,
21,global,2016-01-21,,,,
22,global,2016-01-22,,,,
23,global,2016-01-23,,,,
24,global,2016-01-24,,,,
25,global,2016-01-25,,,,
26,global,2016-01-26,,,,
27,global,2016-01-27,,,,
28,global,2016-01-28,,,,
29,global,2016-01-29,,,,
30,global,2016-01-30,,,,
31,global,2016-01-31,,,,
32,global,2016-02-01,,,,
33,global,2016-02-02,,,,
34,global,2016-02-03,,,,
35,global,2016-02-04,,,,
36,global,2016-02-05,,,,
37,global,2016-02-06,,,,
38,global,2016-02-07,,,,
39,global,2016-02-08,,,,
40,global,2016-02-09,,,,
41,global,2016-02-10,,,,
42,global,2016-02-11,,,,
43,global,2016-02-12,,,,
44,global,2016-02-13,,,,
45,global,2016-02-14,,,,
46,global,2016-02-15,,,,
47,global,2016-02-16,,,,
48,global,2016-02-17,,,,
49,global,2016-02-18,,,,
50,global,2016-02-19,,,,
51,global,2016-02-20,,,,
52,global,2016-02-21,,,,
53,global,2016-02-22,,,,
54,global,2016-02-23,,,,
55,global,2016-02-24,,,,
56,global,2016-02-25,,,,
57,global,2016-02-26,,,,
58,global,2016-02-27,,,,
59,global,2016-02-28,,,,
60,global,2016-02-29,,,,
61,global,2016-03-01,,,,
62,global,2016-03-02,,,,
63,global,2016-03-03,,,,
64,global,2016-03-04,,,,
65,global,2016-03-05,,,,
66,global,2016-03-06,,,,
67,global,2016-03-07,,,,
68,global,2016-03-08,,,,
69,global,2016-03-09,,,,
70,global,2016-03-10,,,,
71,global,2016-03-11,,,,
72,global,2016-03-12,,,,
73,global,2016-03-13,,,,
74,global,2016-03-14,,,,
75,global,2016-03-15,,,,
76,global,2016-03-16,,,,
77,global,2016-03-17,,,,
78,global,2016-03-18,,,,
79,global,2016-03-19,,,,
80,global,2016-03-20,,,,
81,global,2016-03-21,,,,
82,global,2016-03-22,,,,
83,global,2016-03-23,,,,
84,global,2016-03-24,,,,
85,global,2016-03-25,,,,
86,global,2016-03-26,,,,
87,global,2016-03-27,,,,
88,global,2016-03-28,,,,
89,global,2016-03-29,,,,
90,global,2016-03-30,,,,
91,global,2016-03-31,,,,
92,global,2016-04-01,,,,
93,global,2016-04-02,,,,
94,global,2016-04-03,,,,
95,global,2016-04-04,,,,
96,global,2016-04-05,,,,
97,global,2016-04-06,,,,
98,global,2016-04-07,,,,
99,global,2016-04-08,,,,
100,global,2016-04-09,,,,
101,global,2016-04-10,,,,
102,global,2016-04-11,,,,
103,global,2016-04-12,,,,
104,global,2016-04-13,,,,
105,global,2016-04-14,,,,
106,global,2016-04-15,,,,
107,global,2016-04-16,,,,
108,global,2016-04-17,,,,
109,global,2016-04-18,,,,
110,global,2016-04-19,,,,
111,global,2016-04-20,,,,
112,global,2016-04-21,,,,
113,global,2016-04-22,,,,
114,global,2016-04-23,,,,
115,global,2016-04-24,,,,
116,global,2016-04-25,,,,
117,global,2016-04-26,,,,
118,global,2016-04-27,,,,
119,global,2016-04-28,,,,
120,global,2016-04-29,,,,
121,global,2016-04-30,,,,
122,global,2016-05-01,,,,
123,global,2016-05-02,,,,
124,global,2016-05-03,,,,
125,global,2016-05-04,,,,
126,global,2016-05-05,,,,
127,global,2016-05-06,,,,
128,global,2016-05-07,,,,
129,global,2016-05-08,,,,
130,global,2016-05-09,,,,
131,global,2016-05-10,,,,
132,global,2016-05-11,,,,
133,global,2016-05-12,,,,
134,global,2016-05-13,,,,
135,global,2016-05-14,,,,
136,global,2016-05-15,,,,
137,global,2016-05-16,,,,
138,global,2016-05-17,,,,
139,global,2016-05-18,,,,
140,global,2016-05-19,,,,
141,global,2016-05-20,,,,
142,global,2016-05-21,,,,
143,global,2016-05-22,,,,
144,global,2016-05-23,,,,
145,global,2016-05-24,,,,
146,global,2016-05-25,,,,
147,global,2016-05-26,,,,
148,global,2016-05-27,,,,
149,global,2016-05-28,,,,
150,global,2016-05-29,,,,
151,global,2016-05-30,,,,
152,global,2016-05-31,,,,
153,global,2016-06-01,,,,
154,global,2016-06-02,,,,
155,global,2016-06-03,,,,
156,global,2016-06-04,,,,
157,global,2016-06-05,,,,
158,global,2016-06-06,,,,
159,global,2016-06-07,,,,
160,global,2016-06-08,,,,
161,global,2016-06-09,,,,
162,global,2016-06-10,,,,
163,global,2016-06-11,,,,
164,global,2016-06-12,,,,
165,global,2016-06-13,,,,
166,global,2016-06-14,,,,
167,global,2016-06-15,,,,
168,global,2016-06-16,,,,
169,global,2016-06-17,,,,
170,global,2016-06-18,,,,
171,global,2016-06-19,,,,
172,global,2016-06-20,,,,
173,global,2016-06-21,,,,
174,global,2016-06-22,,,,
175,global,2016-06-23,,,,
176,global,2016-06-24,,,,
177,global,2016-06-25,,,,
178,global,2016-06-26,,,,
179,global,2016-06-27,,,,
180,global,2016-06-28,,,,
181,global,2016-06-29,,,,
182,global,2016-06-30,,,,
183,global,2016-07-01,,,,
184,global,2016-07-02,,,,
185,global,2016-07-03,,,,
186,global,2016-07-04,,,,
187,global,2016-07-05,,,,
188,global,2016-07-06,,,,
189,global,2016-07-07,,,,
190,global,2016-07-08,,,,
191,global,2016-07-09,,,,
192,global,2016-07-10,,,,
193,global,2016-07-11,,,,
194,global,2016-07-12,,,,
195,global,2016-07-13,,,,
196,global,2016-07-14,,,,
197,global,2016-07-15,,,,
198,global,2016-07-16,,,,
199,global,2016-07-17,,,,
200,global,2016-07-18,,,,
201,global,2016-07-19,,,,
202,global,2016-07-20,,,,
203,global,2016-07-21,,,,
204,global,2016-07-22,,,,
205,global,2016-07-23,,,,
206,global,2016-07-24,,,,
207,global,2016-07-25,,,,
208,global,2016-07-26,,,,
209,global,2016-07-27,,,,
210,global,2016-07-28,,,,
211,global,2016-07-29,,,,
212,global,2016-07-30,,,,
213,global,2016-07-31,,,,
214,global,2016-08-01,,,,
215,global,2016-08-02,,,,
216,global,2016-08-03,,,,
217,global,2016-08-04,,,,
218,global,2016-08-05,,,,
219,global,2016-08-06,,,,
220,global,2016-08-07,,,,
221,global,2016-08-08,,,,
222,global,2016-08-09,,,,
223,global,2016-08-10,,,,
224,global,2016-08-11,,,,
225,global,2016-08-12,,,,
226,global,2016-08-13,,,,
227,global,2016-08-14,,,,
228,global,2016-08-15,,,,
229,global,2016-08-16,,,,
230,global,2016-08-17,,,,
231,global,2016-08-18,,,,
232,global,2016-08-19,,,,
233,global,2016-08-20,,,,
234,global,2016-08-21,,,,
235,global,2016-08-22,,,,
236,global,2016-08-23,,,,
237,global,2016-08-24,,,,
238,global,2016-08-25,,,,
239,global,2016-08-26,,,,
240,global,2016-08-27,,,,
241,global,2016-08-28,,,,
242,global,2016-08-29,,,,
243,global,2016-08-30,,,,
244,global,2016-08-31,,,,
245,global,2016-09-01,,,,
246,global,2016-09-02,,,,
247,global,2016-09-03,,,,
248,global,2016-09-04,,,,
249,global,2016-09-05,,,,
250,global,2016-09-06,,,,
251,global,2016-09-07,,,,
252,global,2016-09-08,,,,
253,global,2016-09-09,,,,
254,global,2016-09-10,,,,
255,global,2016-09-11,,,,
256,global,2016-09-12,,,,
257,global,2016-09-13,,,,
258,global,2016-09-14,,,,
259,global,2016-09-15,,,,
260,global,2016-09-16,,,,
261,global,2016-09-17,,,,
262,global,2016-09-18,,,,
263,global,2016-09-19,,,,
264,global,2016-09-20,,,,
265,global,2016-09-21,,,,
266,global,2016-09-22,,,,
267,global,2016-09-23,,,,
268,global,2016-09-24,,,,
269,global,2016-09-25,,,,
270,global,2016-09-26,,,,
271,global,2016-09-27,,,,
272,global,2016-09-28,,,,
273,global,2016-09-29,,,,
274,global,2016-09-30,,,,
275,global,2016-10-01,,,,
276,global,2016-10-02,,,,
277,global,2016-10-03,,,,
278,global,2016-10-04,,,,
279,global,2016-10-05,,,,
280,global,2016-10-06,,,,
281,global,2016-10-07,,,,
282,global,2016-10-08,,,,
283,global,2016-10-09,,,,
284,global,2016-10-10,,,,
285,global,2016-10-11,,,,
286,global,2016-10-12,,,,
287,global,2016-10-13,,,,
288,global,2016-10-14,,,,
289,global,2016-10-15,,,,
290,global,2016-10-16,,,,
291,global,2016-10-17,,,,
292,global,2016-10-18,,,,
293,global,2016-10-19,,,,
294,global,2016-10-20,,,,
295,global,2016-10-21,,,,
296,global,2016-10-22,,,,
297,global,2016-10-23,,,,
298,global,2016-10-24,,,,
299,global,2016-10-25,,,,
300,global,2016-10-26,,,,
301,global,2016-10-27,,,,
302,global,2016-10-28,,,,
303,global,2016-10-29,,,,
304,global,2016-10-30,,,,
305,global,2016-10-31,,,,
306,global,2016-11-01,,,,
307,global,2016-11-02,,,,
308,global,2016-11-03,,,,
309,global,2016-11-04,,,,
310,global,2016-11-05,,,,
311,global,2016-11-06,,,,
312,global,2016-11-07,,,,
313,global,2016-11-08,,,,
314,global,2016-11-09,,,,
315,global,2016-11-10,,,,
316,global,2016-11-11,,,,
317,global,2016-11-12,,,,
318,global,2016-11-13,,,,
319,global,2016-11-14,,,,
320,global,2016-11-15,,,,
321,global,2016-11-16,,,,
322,global,2016-11-17,,,,
323,global,2016-11-18,,,,
324,global,2016-11-19,,,,
325,global,2016-11-20,,,,
326,global,2016-11-21,,,,
327,global,2016-11-22,,,,
328,global,2016-11-23,,,,
329,global,2016-11-24,,,,
330,global,2016-11-25,,,,
331,global,2016-11-26,,,,
332,global,2016-11-27,,,,
333,global,2016-11-28,,,,
334,global,2016-11-29,,,,
335,global,2016-11-30,,,,
336,global,2016-12-01,,,,
337,global,2016-12-02,,,,
338,global,2016-12-03,,,,
339,global,2016-12-04,,,,
340,global,2016-12-05,,,,
341,global,2016-12-06,,,,
342,global,2016-12-07,,,,
343,global,2016-12-08,,,,
344,global,2016-12-09,,,,
345,global,2016-12-10,,,,
346,global,2016-12-11,,,,
347,global,2016-12-12,,,,
348,global,2016-12-13,,,,
349,global,2016-12-14,,,,
350,global,2016-12-15,,,,
351,global,2016-12-16,,,,
352,global,2016-12-17,,,,
353,global,2016-12-18,,,,
354,global,2016-12-19,,,,
355,global,2016-12-20,,,,
356,global,2016-12-21,,,,
357,global,2016-12-22,,,,
358,global,2016-12-23,,,,
359,global,2016-12-24,,,,
360,global,2016-12-25,,,,
361,global,2016-12-26,,,,
362,global,2016-12-27,,,,
363,global,2016-12-28,,,,
364,global,2016-12-29,,,,
365,global,2016-12-30,,,,
366,global,2016-12-31,,,,
367,global,2017-01-01,,,,
368,global,2017-01-02,,,,
369,global,2017-01-03,,,,
370,global,2017-01-04,,,,
371,global,2017-01-05,,,,
372,global,2017-01-06,,,,
373,global,2017-01-07,,,,
374,global,2017-01-08,,,,
375,global,2017-01-09,,,,
376,global,2017-01-10,,,,
377,global,2017-01-11,,,,
378,global,2017-01-12,,,,
379,global,2017-01-13,,,,
380,global,2017-01-14,,,,
381,global,2017-01-15,,,,
382,global,2017-01-16,,,,
383,global,2017-01-17,,,,
384,global,2017-01-18,,,,
385,global,2017-01-19,,,,
386,global,2017-01-20,,,,
387,global,2017-01-21,,,,
388,global,2017-01-22,,,,
389,global,2017-01-23,,,,
390,global,2017-01-24,,,,
391,global,2017-01-25,,,,
392,global,2017-01-26,,,,
393,global,2017-01-27,,,,
394,global,2017-01-28,,,,
395,global,2017-01-29,,,,
396,global,2017-01-30,,,,
397,global,2017-01-31,,,,
398,global,2017-02-01,,,,
399,global,2017-02-02,,,,
400,global,2017-02-03,,,,
401,global,2017-02-04,,,,
402,global,2017-02-05,,,,
403,global,2017-02-06,,,,
404,global,2017-02-07,,,,
405,global,2017-02-08,,,,
406,global,2017-02-09,,,,
407,global,2017-02-10,,,,
408,global,2017-02-11,,,,
409,global,2017-02-12,,,,
410,global,2017-02-13,,,,
411,global,2017-02-14,,,,
412,global,2017-02-15,,,,
413,global,2017-02-16,,,,
414,global,2017-02-17,,,,
415,global,2017-02-18,,,,
416,global,2017-02-19,,,,
417,global,2017-02-20,,,,
418,global,2017-02-21,,,,
419,global,2017-02-22,,,,
420,global,2017-02-23,,,,
421,global,2017-02-24,,,,
422,global,2017-02-25,,,,
423,global,2017-02-26,,,,
424,global,2017-02-27,,,,
425,global,2017-02-28,,,,
426,global,2017-03-01,,,,
427,global,2017-03-02,,,,
428,global,2017-03-03,,,,
429,global,2017-03-04,,,,
430,global,2017-03-05,,,,
431,global,2017-03-06,,,,
432,global,2017-03-07,,,,
433,global,2017-03-08,,,,
434,global,2017-03-09,,,,
435,global,2017-03-10,,,,
436,global,2017-03-11,,,,
437,global,2017-03-12,,,,
438,global,2017-03-13,,,,
439,global,2017-03-14,,,,
440,global,2017-03-15,,,,
441,global,2017-03-16,,,,
442,global,2017-03-17,,,,
443,global,2017-03-18,,,,
444,global,2017-03-19,,,,
445,global,2017-03-20,,,,
446,global,2017-03-21,,,,
447,global,2017-03-22,,,,
448,global,2017-03-23,,,,
449,global,2017-03-24,,,,
450,global,2017-03-25,,,,
451,global,2017-03-26,,,,
452,global,2017-03-27,,,,
453,global,2017-03-28,,,,
454,global,2017-03-29,,,,
455,global,2017-03-30,,,,
456,global,2017-03-31,,,,
457,global,2017-04-01,,,,
458,global,2017-04-02,,,,
459,global,2017-04-03,,,,
460,global,2017-04-04,,,,
461,global,2017-04-05,,,,
462,global,2017-04-06,,,,
463,global,2017-04-07,,,,
464,global,2017-04-08,,,,
465,global,2017-04-09,,,,
466,global,2017-04-10,,,,
467,global,2017-04-11,,,,
468,global,2017-04-12,,,,
469,global,2017-04-13,,,,
470,global,2017-04-14,,,,
471,global,2017-04-15,,,,
472,global,2017-04-16,,,,
473,global,2017-04-17,,,,
474,global,2017-04-18,,,,
475,global,2017-04-19,,,,
476,global,2017-04-20,,,,
477,global,2017-04-21,,,,
478,global,2017-04-22,,,,
479,global,2017-04-23,,,,
480,global,2017-04-24,,,,
481,global,2017-04-25,,,,
482,global,2017-04-26,,,,
483,global,2017-04-27,,,,
484,global,2017-04-28,,,,
485,global,2017-04-29,,,,
486,global,2017-04-30,,,,
487,global,2017-05-01,,,,
488,global,2017-05-02,,,,
489,global,2017-05-03,,,,
490,global,2017-05-04,,,,
491,global,2017-05-05,,,,
492,global,2017-05-06,,,,
493,global,2017-05-07,,,,
494,global,2017-05-08,,,,
495,global,2017-05-09,,,,
496,global,2017-05-10,,,,
497,global,2017-05-11,,,,
498,global,2017-05-12,,,,
499,global,2017-05-13,,,,
500,global,2017-05-14,,,,
501,global,2017-05-15,,,,
502,global,2017-05-16,,,,
503,global,2017-05-17,,,,
504,global,2017-05-18,,,,
505,global,2017-05-19,,,,
506,global,2017-05-20,,,,
507,global,2017-05-21,,,,
508,global,2017-05-22,,,,
509,global,2017-05-23,,,,
510,global,2017-05-24,,,,
511,global,2017-05-25,,,,
512,global,2017-05-26,,,,
513,global,2017-05-27,,,,
514,global,2017-05-28,,,,
515,global,2017-05-29,,,,
516,global,2017-05-30,,,,
517,global,2017-05-31,,,,
518,global,2017-06-01,,,,
519,global,2017-06-02,,,,
520,global,2017-06-03,,,,
521,global,2017-06-04,,,,
522,global,2017-06-05,,,,
523,global,2017-06-06,,,,
524,global,2017-06-07,,,,
525,global,2017-06-08,,,,
526,global,2017-06-09,,,,
527,global,2017-06-10,,,,
528,global,2017-06-11,,,,
529,global,2017-06-12,,,,
530,global,2017-06-13,,,,
531,global,2017-06-14,,,,
532,global,2017-06-15,,,,
533,global,2017-06-16,,,,
534,global,2017-06-17,,,,
535,global,2017-06-18,,,,
536,global,2017-06-19,,,,
537,global,2017-06-20,,,,
538,global,2017-06-21,,,,
539,global,2017-06-22,,,,
540,global,2017-06-23,,,,
541,global,2017-06-24,,,,
542,global,2017-06-25,,,,
543,global,2017-06-26,,,,
544,global,2017-06-27,,,,
545,global,2017-06-28,,,,
546,global,2017-06-29,,,,
547,global,2017-06-30,,,,
548,global,2017-07-01,,,,
549,global,2017-07-02,,,,
550,global,2017-07-03,,,,
551,global,2017-07-04,,,,
552,global,2017-07-05,,,,
553,global,2017-07-06,,,,
554,global,2017-07-07,,,,
555,global,2017-07-08,,,,
556,global,2017-07-09,,,,
557,global,2017-07-10,,,,
558,global,2017-07-11,,,,
559,global,2017-07-12,,,,
560,global,2017-07-13,,,,
561,global,2017-07-14,,,,
562,global,2017-07-15,,,,
563,global,2017-07-16,,,,
564,global,2017-07-17,,,,
565,global,2017-07-18,,,,
566,global,2017-07-19,,,,
567,global,2017-07-20,,,,
568,global,2017-07-21,,,,
569,global,2017-07-22,,,,
570,global,2017-07-23,,,,
571,global,2017-07-24,,,,
572,global,2017-07-25,,,,
573,global,2017-07-26,,,,
574,global,2017-07-27,,,,
575,global,2017-07-28,,,,
576,global,2017-07-29,,,,
577,global,2017-07-30,,,,
578,global,2017-07-31,,,,
579,global,2017-08-01,,,,
580,global,2017-08-02,,,,
581,global,2017-08-03,,,,
582,global,2017-08-04,,,,
583,global,2017-08-05,,,,
584,global,2017-08-06,,,,
585,global,2017-08-07,,,,
586,global,2017-08-08,,,,
587,global,2017-08-09,,,,
588,global,2017-08-10,,,,
589,global,2017-08-11,,,,
590,global,2017-08-12,,,,
591,global,2017-08-13,,,,
592,global,2017-08-14,,,,
593,global,2017-08-15,,,,
594,global,2017-08-16,,,,
595,global,2017-08-17,,,,
596,global,2017-08-18,,,,
597,global,2017-08-19,,,,
598,global,2017-08-20,,,,
599,global,2017-08-21,,,,
600,global,2017-08-22,,,,
601,global,2017-08-23,,,,
602,global,2017-08-24,,,,
603,global,2017-08-25,,,,
604,global,2017-08-26,,,,
605,global,2017-08-27,,,,
606,global,2017-08-28,,,,
607,global,2017-08-29,,,,
608,global,2017-08-30,,,,
609,global,2017-08-31,,,,
610,global,2017-09-01,,,,
611,global,2017-09-02,,,,
612,global,2017-09-03,,,,
613,global,2017-09-04,,,,
614,global,2017-09-05,,,,
615,global,2017-09-06,,,,
616,global,2017-09-07,,,,
617,global,2017-09-08,,,,
618,global,2017-09-09,,,,
619,global,2017-09-10,,,,
620,global,2017-09-11,,,,
621,global,2017-09-12,,,,
622,global,2017-09-13,,,,
623,global,2017-09-14,,,,
624,global,2017-09-15,,,,
625,global,2017-09-16,,,,
626,global,2017-09-17,,,,
627,global,2017-09-18,,,,
628,global,2017-09-19,,,,
629,global,2017-09-20,,,,
630,global,2017-09-21,,,,
631,global,2017-09-22,,,,
632,global,2017-09-23,,,,
633,global,2017-09-24,,,,
634,global,2017-09-25,,,,
635,global,2017-09-26,,,,
636,global,2017-09-27,,,,
637,global,2017-09-28,,,,
638,global,2017-09-29,,,,
639,global,2017-09-30,,,,
640,global,2017-10-01,,,,
641,global,2017-10-02,,,,
642,global,2017-10-03,,,,
643,global,2017-10-04,,,,
644,global,2017-10-05,,,,
645,global,2017-10-06,,,,
646,global,2017-10-07,,,,
647,global,2017-10-08,,,,
648,global,2017-10-09,,,,
649,global,2017-10-10,,,,
650,global,2017-10-11,,,,
651,global,2017-10-12,,,,
652,global,2017-10-13,,,,
653,global,2017-10-14,,,,
654,global,2017-10-15,,,,
655,global,2017-10-16,,,,
656,global,2017-10-17,,,,
657,global,2017-10-18,,,,
658,global,2017-10-19,,,,
659,global,2017-10-20,,,,
660,global,2017-10-21,,,,
661,global,2017-10-22,,,,
662,global,2017-10-23,,,,
663,global,2017-10-24,,,,
664,global,2017-10-25,,,,
665,global,2017-10-26,,,,
666,global,2017-10-27,,,,
667,global,2017-10-28,,,,
668,global,2017-10-29,,,,
669,global,2017-10-30,,,,
670,global,2017-10-31,,,,
671,global,2017-11-01,,,,
672,global,2017-11-02,,,,
673,global,2017-11-03,,,,
674,global,2017-11-04,,,,
675,global,2017-11-05,,,,
676,global,2017-11-06,,,,
677,global,2017-11-07,,,,
678,global,2017-11-08,,,,
679,global,2017-11-09,,,,
680,global,2017-11-10,,,,
681,global,2017-11-11,,,,
682,global,2017-11-12,,,,
683,global,2017-11-13,,,,
684,global,2017-11-14,,,,
685,global,2017-11-15,,,,
686,global,2017-11-16,,,,
687,global,2017-11-17,,,,
688,global,2017-11-18,,,,
689,global,2017-11-19,,,,
690,global,2017-11-20,,,,
691,global,2017-11-21,,,,
692,global,2017-11-22,,,,
693,global,2017-11-23,,,,
694,global,2017-11-24,,,,
695,global,2017-11-25,,,,
696,global,2017-11-26,,,,
697,global,2017-11-27,,,,
698,global,2017-11-28,,,,
699,global,2017-11-29,,,,
700,global,2017-11-30,,,,
701,global,2017-12-01,,,,
702,global,2017-12-02,,,,
703,global,2017-12-03,,,,
704,global,2017-12-04,,,,
705,global,2017-12-05,,,,
706,global,2017-12-06,,,,
707,global,2017-12-07,,,,
708,global,2017-12-08,,,,
709,global,2017-12-09,,,,
710,global,2017-12-10,,,,
711,global,2017-12-11,,,,
712,global,2017-12-12,,,,
713,global,2017-12-13,,,,
714,global,2017-12-14,,,,
715,global,2017-12-15,,,,
716,global,2017-12-16,,,,
717,global,2017-12-17,,,,
718,global,2017-12-18,,,,
719,global,2017-12-19,,,,
720,global,2017-12-20,,,,
721,global,2017-12-21,,,,
722,global,2017-12-22,,,,
723,global,2017-12-23,,,,
724,global,2017-12-24,,,,
725,global,2017-12-25,,,,
726,global,2017-12-26,,,,
727,global,2017-12-27,,,,
728,global,2017-12-28,,,,
729,global,2017-12-29,,,,
730,global,2017-12-30,,,,
731,global,2017-12-31,,,,
732,global,2018-01-01,,,,
733,global,2018-01-02,,,,
734,global,2018-01-03,,,,
735,global,2018-01-04,,,,
736,global,2018-01-05,,,,
737,global,2018-01-06,,,,
738,global,2018-01-07,,,,
739,global,2018-01-08,,,,
740,global,2018-01-09,,,,
741,global,2018-01-10,,,,
742,global,2018-01-11,,,,
743,global,2018-01-12,,,,
744,global,2018-01-13,,,,
745,global,2018-01-14,,,,
746,global,2018-01-15,,,,
747,global,2018-01-16,,,,
748,global,2018-01-17,,,,
749,global,2018-01-18,,,,
750,global,2018-01-19,,,,
751,global,2018-01-20,,,,
752,global,2018-01-21,,,,
753,global,2018-01-22,,,,
754,global,2018-01-23,,,,
755,global,2018-01-24,,,,
756,global,2018-01-25,,,,
757,global,2018-01-26,,,,
758,global,2018-01-27,,,,
759,global,2018-01-28,,,,
760,global,2018-01-29,,,,
761,global,2018-01-30,,,,
762,global,2018-01-31,,,,
763,global,2018-02-01,,,,
764,global,2018-02-02,,,,
765,global,2018-02-03,,,,
766,global,2018-02-04,,,,
767,global,2018-02-05,,,,
768,global,2018-02-06,,,,
769,global,2018-02-07,,,,
770,global,2018-02-08,,,,
771,global,2018-02-09,,,,
772,global,2018-02-10,,,,
773,global,2018-02-11,,,,
774,global,2018-02-12,,,,
775,global,2018-02-13,,,,
776,global,2018-02-14,,,,
777,global,2018-02-15,,,,
778,global,2018-02-16,,,,
779,global,2018-02-17,,,,
780,global,2018-02-18,,,,
781,global,2018-02-19,,,,
782,global,2018-02-20,,,,
783,global,2018-02-21,,,,
784,global,2018-02-22,,,,
785,global,2018-02-23,,,,
786,global,2018-02-24,,,,
787,global,2018-02-25,,,,
788,global,2018-02-26,,,,
789,global,2018-02-27,,,,
790,global,2018-02-28,,,,
791,global,2018-03-01,,,,
792,global,2018-03-02,,,,
793,global,2018-03-03,,,,
794,global,2018-03-04,,,,
795,global,2018-03-05,,,,
796,global,2018-03-06,,,,
797,global,2018-03-07,,,,
798,global,2018-03-08,,,,
799,global,2018-03-09,,,,
800,global,2018-03-10,,,,
801,global,2018-03-11,,,,
802,global,2018-03-12,,,,
803,global,2018-03-13,,,,
804,global,2018-03-14,,,,
805,global,2018-03-15,,,,
806,global,2018-03-16,,,,
807,global,2018-03-17,,,,
808,global,2018-03-18,,,,
809,global,2018-03-19,,,,
810,global,2018-03-20,,,,
811,global,2018-03-21,,,,
812,global,2018-03-22,,,,
813,global,2018-03-23,,,,
814,global,2018-03-24,,,,
815,global,2018-03-25,,,,
816,global,2018-03-26,,,,
817,global,2018-03-27,,,,
818,global,2018-03-28,,,,
819,global,2018-03-29,,,,
820,global,2018-03-30,,,,
821,global,2018-03-31,,,,
822,global,2018-04-01,,,,
823,global,2018-04-02,,,,
824,global,2018-04-03,,,,
825,global,2018-04-04,,,,
826,global,2018-04-05,,,,
827,global,2018-04-06,,,,
828,global,2018-04-07,,,,
829,global,2018-04-08,,,,
830,global,2018-04-09,,,,
831,global,2018-04-10,,,,
832,global,2018-04-11,,,,
833,global,2018-04-12,,,,
834,global,2018-04-13,,,,
835,global,2018-04-14,,,,
836,global,2018-04-15,,,,
837,global,2018-04-16,,,,
838,global,2018-04-17,,,,
839,global,2018-04-18,,,,
840,global,2018-04-19,,,,
841,global,2018-04-20,,,,
842,global,2018-04-21,,,,
843,global,2018-04-22,,,,
844,global,2018-04-23,,,,
845,global,2018-04-24,,,,
846,global,2018-04-25,,,,
847,global,2018-04-26,,,,
848,global,2018-04-27,,,,
849,global,2018-04-28,,,,
850,global,2018-04-29,,,,
851,global,2018-04-30,,,,
852,global,2018-05-01,,,,
853,global,2018-05-02,,,,
854,global,2018-05-03,,,,
855,global,2018-05-04,,,,
856,global,2018-05-05,,,,
857,global,2018-05-06,,,,
858,global,2018-05-07,,,,
859,global,2018-05-08,,,,
860,global,2018-05-09,,,,
861,global,2018-05-10,,,,
862,global,2018-05-11,,,,
863,global,2018-05-12,,,,
864,global,2018-05-13,,,,
865,global,2018-05-14,,,,
866,global,2018-05-15,,,,
867,global,2018-05-16,,,,
868,global,2018-05-17,,,,
869,global,2018-05-18,,,,
870,global,2018-05-19,,,,
871,global,2018-05-20,,,,
872,global,2018-05-21,,,,
873,global,2018-05-22,,,,
874,global,2018-05-23,,,,
875,global,2018-05-24,,,,
876,global,2018-05-25,,,,
877,global,2018-05-26,,,,
878,global,2018-05-27,,,,
879,global,2018-05-28,,,,
880,global,2018-05-29,,,,
881,global,2018-05-30,,,,
882,global,2018-05-31,,,,
883,global,2018-06-01,,,,
884,global,2018-06-02,,,,
885,global,2018-06-03,,,,
886,global,2018-06-04,,,,
887,global,2018-06-05,,,,
888,global,2018-06-06,,,,
889,global,2018-06-07,,,,
890,global,2018-06-08,,,,
891,global,2018-06-09,,,,
892,global,2018-06-10,,,,
893,global,2018-06-11,,,,
894,global,2018-06-12,,,,
895,global,2018-06-13,,,,
896,global,2018-06-14,,,,
897,global,2018-06-15,,,,
898,global,2018-06-16,,,,
899,global,2018-06-17,,,,
900,global,2018-06-18,,,,
901,global,2018-06-19,,,,
902,global,2018-06-20,,,,
903,global,2018-06-21,,,,
904,global,2018-06-22,,,,
905,global,2018-06-23,,,,
906,global,2018-06-24,,,,
907,global,2018-06-25,,,,
908,global,2018-06-26,,,,
909,global,2018-06-27,,,,
910,global,2018-06-28,,,,
911,global,2018-06-29,,,,
912,global,2018-06-30,,,,
913,global,2018-07-01,,,,
914,global,2018-07-02,,,,
915,global,2018-07-03,,,,
916,global,2018-07-04,,,,
917,global,2018-07-05,,,,
918,global,2018-07-06,,,,
919,global,2018-07-07,,,,
920,global,2018-07-08,,,,
921,global,2018-07-09,,,,
922,global,2018-07-10,,,,
923,global,2018-07-11,,,,
924,global,2018-07-12,,,,
925,global,2018-07-13,,,,
926,global,2018-07-14,,,,
927,global,2018-07-15,,,,
928,global,2018-07-16,,,,
929,global,2018-07-17,,,,
930,global,2018-07-18,,,,
931,global,2018-07-19,,,,
932,global,2018-07-20,,,,
933,global,2018-07-21,,,,
934,global,2018-07-22,,,,
935,global,2018-07-23,,,,
936,global,2018-07-24,,,,
937,global,2018-07-25,,,,
938,global,2018-07-26,,,,
939,global,2018-07-27,,,,
940,global,2018-07-28,,,,
941,global,2018-07-29,,,,
942,global,2018-07-30,,,,
943,global,2018-07-31,,,,
944,global,2018-08-01,,,,
945,global,2018-08-02,,,,
946,global,2018-08-03,,,,
947,global,2018-08-04,,,,
948,global,2018-08-05,,,,
949,global,2018-08-06,,,,
950,global,2018-08-07,,,,
951,global,2018-08-08,,,,
952,global,2018-08-09,,,,
953,global,2018-08-10,,,,
954,global,2018-08-11,,,,
955,global,2018-08-12,,,,
956,global,2018-08-13,,,,
957,global,2018-08-14,,,,
958,global,2018-08-15,,,,
959,global,2018-08-16,,,,
960,global,2018-08-17,,,,
961,global,2018-08-18,,,,
962,global,2018-08-19,,,,
963,global,2018-08-20,,,,
964,global,2018-08-21,,,,
965,global,2018-08-22,,,,
966,global,2018-08-23,,,,
967,global,2018-08-24,,,,
968,global,2018-08-25,,,,
969,global,2018-08-26,,,,
970,global,2018-08-27,,,,
971,global,2018-08-28,,,,
972,global,2018-08-29,,,,
973,global,2018-08-30,,,,
974,global,2018-08-31,,,,
975,global,2018-09-01,,,,
976,global,2018-09-02,,,,
977,global,2018-09-03,,,,
978,global,2018-09-04,,,,
979,global,2018-09-05,,,,
980,global,2018-09-06,,,,
981,global,2018-09-07,,,,
982,global,2018-09-08,,,,
983,global,2018-09-09,,,,
984,global,2018-09-10,,,,
985,global,2018-09-11,,,,
986,global,2018-09-12,,,,
987,global,2018-09-13,,,,
988,global,2018-09-14,,,,
989,global,2018-09-15,,,,
990,global,2018-09-16,,,,
991,global,2018-09-17,,,,
992,global,2018-09-18,,,,
993,global,2018-09-19,,,,
994,global,2018-09-20,,,,
995,global,2018-09-21,,,,
996,global,2018-09-22,,,,
997,global,2018-09-23,,,,
998,global,2018-09-24,,,,
999,global,2018-09-25,,,,
1000,global,2018-09-26,,,,
1001,global,2018-09-27,,,,
1002,global,2018-09-28,,,,
1003,global,2018-09-29,,,,
1004,global,2018-09-30,,,,
1005,global,2018-10-01,,,,
1006,global,2018-10-02,,,,
1007,global,2018-10-03,,,,
1008,global,2018-10-04,,,,
1009,global,2018-10-05,,,,
1010,global,2018-10-06,,,,
1011,global,2018-10-07,,,,
1012,global,2018-10-08,,,,
1013,global,2018-10-09,,,,
1014,global,2018-10-10,,,,
1015,global,2018-10-11,,,,
1016,global,2018-10-12,,,,
1017,global,2018-10-13,,,,
1018,global,2018-10-14,,,,
1019,global,2018-10-15,,,,
1020,global,2018-10-16,,,,
1021,global,2018-10-17,,,,
1022,global,2018-10-18,,,,
1023,global,2018-10-19,,,,
1024,global,2018-10-20,,,,
1025,global,2018-10-21,,,,
1026,global,2018-10-22,,,,
1027,global,2018-10-23,,,,
1028,global,2018-10-24,,,,
1029,global,2018-10-25,,,,
1030,global,2018-10-26,,,,
1031,global,2018-10-27,,,,
1032,global,2018-10-28,,,,
1033,global,2018-10-29,,,,
1034,global,2018-10-30,,,,
1035,global,2018-10-31,,,,
1036,global,2018-11-01,,,,
1037,global,2018-11-02,,,,
1038,global,2018-11-03,,,,
1039,global,2018-11-04,,,,
1040,global,2018-11-05,,,,
1041,global,2018-11-06,,,,
1042,global,2018-11-07,,,,
1043,global,2018-11-08,,,,
1044,global,2018-11-09,,,,
1045,global,2018-11-10,,,,
1046,global,2018-11-11,,,,
1047,global,2018-11-12,,,,
1048,global,2018-11-13,,,,
1049,global,2018-11-14,,,,
1050,global,2018-11-15,,,,
1051,global,2018-11-16,,,,
1052,global,2018-11-17,,,,
1053,global,2018-11-18,,,,
1054,global,2018-11-19,,,,
1055,global,2018-11-20,,,,
1056,global,2018-11-21,,,,
1057,global,2018-11-22,,,,
1058,global,2018-11-23,,,,
1059,global,2018-11-24,,,,
1060,global,2018-11-25,,,,
1061,global,2018-11-26,,,,
1062,global,2018-11-27,,,,
1063,global,2018-11-28,,,,
1064,global,2018-11-29,,,,
1065,global,2018-11-30,,,,
1066,global,2018-12-01,,,,
1067,global,2018-12-02,,,,
1068,global,2018-12-03,,,,
1069,global,2018-12-04,,,,
1070,global,2018-12-05,,,,
1071,global,2018-12-06,,,,
1072,global,2018-12-07,,,,
1073,global,2018-12-08,,,,
1074,global,2018-12-09,,,,
1075,global,2018-12-10,,,,
1076,global,2018-12-11,,,,
1077,global,2018-12-12,,,,
1078,global,2018-12-13,,,,
1079,global,2018-12-14,,,,
1080,global,2018-12-15,,,,
1081,global,2018-12-16,,,,
1082,global,2018-12-17,,,,
1083,global,2018-12-18,,,,
1084,global,2018-12-19,,,,
1085,global,2018-12-20,,,,
1086,global,2018-12-21,,,,
1087,global,2018-12-22,,,,
1088,global,2018-12-23,,,,
1089,global,2018-12-24,,,,
1090,global,2018-12-25,,,,
1091,global,2018-12-26,,,,
1092,global,2018-12-27,,,,
1093,global,2018-12-28,,,,
1094,global,2018-12-29,,,,
1095,global,2018-12-30,,,,
1096,global,2018-12-31,,,,
1097,global,2019-01-01,,,,
1098,global,2019-01-02,,,,
1099,global,2019-01-03,,,,
1100,global,2019-01-04,,,,
1101,global,2019-01-05,,,,
1102,global,2019-01-06,,,,
1103,global,2019-01-07,,,,
1104,global,2019-01-08,,,,
1105,global,2019-01-09,,,,
1106,global,2019-01-10,,,,
1107,global,2019-01-11,,,,
1108,global,2019-01-12,,,,
1109,global,2019-01-13,,,,
1110,global,2019-01-14,,,,
1111,global,2019-01-15,,,,
1112,global,2019-01-16,,,,
1113,global,2019-01-17,,,,
1114,global,2019-01-18,,,,
1115,global,2019-01-19,,,,
1116,global,2019-01-20,,,,
1117,global,2019-01-21,,,,
1118,global,2019-01-22,,,,
1119,global,2019-01-23,,,,
1120,global,2019-01-24,,,,
1121,global,2019-01-25,,,,
1122,global,2019-01-26,,,,
1123,global,2019-01-27,,,,
1124,global,2019-01-28,,,,
1125,global,2019-01-29,,,,
1126,global,2019-01-30,,,,
1127,global,2019-01-31,,,,
1128,global,2019-02-01,,,,
1129,global,2019-02-02,,,,
1130,global,2019-02-03,,,,
1131,global,2019-02-04,,,,
1132,global,2019-02-05,,,,
1133,global,2019-02-06,,,,
1134,global,2019-02-07,,,,
1135,global,2019-02-08,,,,
1136,global,2019-02-09,,,,
1137,global,2019-02-10,,,,
1138,global,2019-02-11,,,,
1139,global,2019-02-12,,,,
1140,global,2019-02-13,,,,
1141,global,2019-02-14,,,,
1142,global,2019-02-15,,,,
1143,global,2019-02-16,,,,
1144,global,2019-02-17,,,,
1145,global,2019-02-18,,,,
1146,global,2019-02-19,,,,
1147,global,2019-02-20,,,,
1148,global,2019-02-21,,,,
1149,global,2019-02-22,,,,
1150,global,2019-02-23,,,,
1151,global,2019-02-24,,,,
1152,global,2019-02-25,,,,
1153,global,2019-02-26,,,,
1154,global,2019-02-27,,,,
1155,global,2019-02-28,,,,
1156,global,2019-03-01,,,,
1157,global,2019-03-02,,,,
1158,global,2019-03-03,,,,
1159,global,2019-03-04,,,,
1160,global,2019-03-05,,,,
1161,global,2019-03-06,,,,
1162,global,2019-03-07,,,,
1163,global,2019-03-08,,,,
1164,global,2019-03-09,,,,
1165,global,2019-03-10,,,,
1166,global,2019-03-11,,,,
1167,global,2019-03-12,,,,
1168,global,2019-03-13,,,,
1169,global,2019-03-14,,,,
1170,global,2019-03-15,,,,
1171,global,2019-03-16,,,,
1172,global,2019-03-17,,,,
1173,global,2019-03-18,,,,
1174,global,2019-03-19,,,,
1175,global,2019-03-20,,,,
1176,global,2019-03-21,,,,
1177,global,2019-03-22,,,,
1178,global,2019-03-23,,,,
1179,global,2019-03-24,,,,
1180,global,2019-03-25,,,,
1181,global,2019-03-26,,,,
1182,global,2019-03-27,,,,
1183,global,2019-03-28,,,,
1184,global,2019-03-29,,,,
1185,global,2019-03-30,,,,
1186,global,2019-03-31,,,,
1187,global,2019-04-01,,,,
1188,global,2019-04-02,,,,
1189,global,2019-04-03,,,,
1190,global,2019-04-04,,,,
1191,global,2019-04-05,,,,
1192,global,2019-04-06,,,,
1193,global,2019-04-07,,,,
1194,global,2019-04-08,,,,
1195,global,2019-04-09,,,,
1196,global,2019-04-10,,,,
1197,global,2019-04-11,,,,
1198,global,2019-04-12,,,,
1199,global,2019-04-13,,,,
1200,global,2019-04-14,,,,
1201,global,2019-04-15,,,,
1202,global,2019-04-16,,,,
1203,global,2019-04-17,,,,
1204,global,2019-04-18,,,,
1205,global,2019-04-19,,,,
1206,global,2019-04-20,,,,
1207,global,2019-04-21,,,,
1208,global,2019-04-22,,,,
1209,global,2019-04-23,,,,
1210,global,2019-04-24,,,,
1211,global,2019-04-25,,,,
1212,global,2019-04-26,,,,
1213,global,2019-04-27,,,,
1214,global,2019-04-28,,,,
1215,global,2019-04-29,,,,
1216,global,2019-04-30,,,,
1217,global,2019-05-01,,,,
1218,global,2019-05-02,,,,
1219,global,2019-05-03,,,,
1220,global,2019-05-04,,,,
1221,global,2019-05-05,,,,
1222,global,2019-05-06,,,,
1223,global,2019-05-07,,,,
1224,global,2019-05-08,,,,
1225,global,2019-05-09,,,,
1226,global,2019-05-10,,,,
1227,global,2019-05-11,,,,
1228,global,2019-05-12,,,,
1229,global,2019-05-13,,,,
1230,global,2019-05-14,,,,
1231,global,2019-05-15,,,,
1232,global,2019-05-16,,,,
1233,global,2019-05-17,,,,
1234,global,2019-05-18,,,,
1235,global,2019-05-19,,,,
1236,global,2019-05-20,,,,
1237,global,2019-05-21,,,,
1238,global,2019-05-22,,,,
1239,global,2019-05-23,,,,
1240,global,2019-05-24,,,,
1241,global,2019-05-25,,,,
1242,global,2019-05-26,,,,
1243,global,2019-05-27,,,,
1244,global,2019-05-28,,,,
1245,global,2019-05-29,,,,
1246,global,2019-05-30,,,,
1247,global,2019-05-31,,,,
1248,global,2019-06-01,,,,
1249,global,2019-06-02,,,,
1250,global,2019-06-03,,,,
1251,global,2019-06-04,,,,
1252,global,2019-06-05,,,,
1253,global,2019-06-06,,,,
1254,global,2019-06-07,,,,
1255,global,2019-06-08,,,,
1256,global,2019-06-09,,,,
1257,global,2019-06-10,,,,
1258,global,2019-06-11,,,,
1259,global,2019-06-12,,,,
1260,global,2019-06-13,,,,
1261,global,2019-06-14,,,,
1262,global,2019-06-15,,,,
1263,global,2019-06-16,,,,
1264,global,2019-06-17,,,,
1265,global,2019-06-18,,,,
1266,global,2019-06-19,,,,
1267,global,2019-06-20,,,,
1268,global,2019-06-21,,,,
1269,global,2019-06-22,,,,
1270,global,2019-06-23,,,,
1271,global,2019-06-24,,,,
1272,global,2019-06-25,,,,
1273,global,2019-06-26,,,,
1274,global,2019-06-27,,,,
1275,global,2019-06-28,,,,
1276,global,2019-06-29,,,,
1277,global,2019-06-30,,,,
1278,global,2019-07-01,,,,
1279,global,2019-07-02,,,,
1280,global,2019-07-03,,,,
1281,global,2019-07-04,,,,
1282,global,2019-07-05,,,,
1283,global,2019-07-06,,,,
1284,global,2019-07-07,,,,
1285,global,2019-07-08,,,,
1286,global,2019-07-09,,,,
1287,global,2019-07-10,,,,
1288,global,2019-07-11,,,,
1289,global,2019-07-12,,,,
1290,global,2019-07-13,,,,
1291,global,2019-07-14,,,,
1292,global,2019-07-15,,,,
1293,global,2019-07-16,,,,
1294,global,2019-07-17,,,,
1295,global,2019-07-18,,,,
1296,global,2019-07-19,,,,
1297,global,2019-07-20,,,,
1298,global,2019-07-21,,,,
1299,global,2019-07-22,,,,
1300,global,2019-07-23,,,,
1301,global,2019-07-24,,,,
1302,global,2019-07-25,,,,
1303,global,2019-07-26,,,,
1304,global,2019-07-27,,,,
1305,global,2019-07-28,,,,
1306,global,2019-07-29,,,,
1307,global,2019-07-30,,,,
1308,global,2019-07-31,,,,
1309,global,2019-08-01,,,,
1310,global,2019-08-02,,,,
1311,global,2019-08-03,,,,
1312,global,2019-08-04,,,,
1313,global,2019-08-05,,,,
1314,global,2019-08-06,,,,
1315,global,2019-08-07,,,,
1316,global,2019-08-08,,,,
1317,global,2019-08-09,,,,
1318,global,2019-08-10,,,,
1319,global,2019-08-11,,,,
1320,global,2019-08-12,,,,
1321,global,2019-08-13,,,,
1322,global,2019-08-14,,,,
1323,global,2019-08-15,,,,
1324,global,2019-08-16,,,,
1325,global,2019-08-17,,,,
1326,global,2019-08-18,,,,
1327,global,2019-08-19,,,,
1328,global,2019-08-20,,,,
1329,global,2019-08-21,,,,
1330,global,2019-08-22,,,,
1331,global,2019-08-23,,,,
1332,global,2019-08-24,,,,
1333,global,2019-08-25,,,,
1334,global,2019-08-26,,,,
1335,global,2019-08-27,,,,
1336,global,2019-08-28,,,,
1337,global,2019-08-29,,,,
1338,global,2019-08-30,,,,
1339,global,2019-08-31,,,,
1340,global,2019-09-01,,,,
1341,global,2019-09-02,,,,
1342,global,2019-09-03,,,,
1343,global,2019-09-04,,,,
1344,global,2019-09-05,,,,
1345,global,2019-09-06,,,,
1346,global,2019-09-07,,,,
1347,global,2019-09-08,,,,
1348,global,2019-09-09,,,,
1349,global,2019-09-10,,,,
1350,global,2019-09-11,,,,
1351,global,2019-09-12,,,,
1352,global,2019-09-13,,,,
1353,global,2019-09-14,,,,
1354,global,2019-09-15,,,,
1355,global,2019-09-16,,,,
1356,global,2019-09-17,,,,
1357,global,2019-09-18,,,,
1358,global,2019-09-19,,,,
1359,global,2019-09-20,,,,
1360,global,2019-09-21,,,,
1361,global,2019-09-22,,,,
1362,global,2019-09-23,,,,
1363,global,2019-09-24,,,,
1364,global,2019-09-25,,,,
1365,global,2019-09-26,,,,
1366,global,2019-09-27,,,,
1367,global,2019-09-28,,,,
1368,global,2019-09-29,,,,
1369,global,2019-09-30,,,,
1370,global,2019-10-01,,,,
1371,global,2019-10-02,,,,
1372,global,2019-10-03,,,,
1373,global,2019-10-04,,,,
1374,global,2019-10-05,,,,
1375,global,2019-10-06,,,,
1376,global,2019-10-07,,,,
1377,global,2019-10-08,,,,
1378,global,2019-10-09,,,,
1379,global,2019-10-10,,,,
1380,global,2019-10-11,,,,
1381,global,2019-10-12,,,,
1382,global,2019-10-13,,,,
1383,global,2019-10-14,,,,
1384,global,2019-10-15,,,,
1385,global,2019-10-16,,,,
1386,global,2019-10-17,,,,
1387,global,2019-10-18,,,,
1388,global,2019-10-19,,,,
1389,global,2019-10-20,,,,
1390,global,2019-10-21,,,,
1391,global,2019-10-22,,,,
1392,global,2019-10-23,,,,
1393,global,2019-10-24,,,,
1394,global,2019-10-25,,,,
1395,global,2019-10-26,,,,
1396,global,2019-10-27,,,,
1397,global,2019-10-28,,,,
1398,global,2019-10-29,,,,
1399,global,2019-10-30,,,,
1400,global,2019-10-31,,,,
1401,global,2019-11-01,,,,
1402,global,2019-11-02,,,,
1403,global,2019-11-03,,,,
1404,global,2019-11-04,,,,
1405,global,2019-11-05,,,,
1406,global,2019-11-06,,,,
1407,global,2019-11-07,,,,
1408,global,2019-11-08,,,,
1409,global,2019-11-09,,,,
1410,global,2019-11-10,,,,
1411,global,2019-11-11,,,,
1412,global,2019-11-12,,,,
1413,global,2019-11-13,,,,
1414,global,2019-11-14,,,,
1415,global,2019-11-15,,,,
1416,global,2019-11-16,,,,
1417,global,2019-11-17,,,,
1418,global,2019-11-18,,,,
1419,global,2019-11-19,,,,
1420,global,2019-11-20,,,,
1421,global,2019-11-21,,,,
1422,global,2019-11-22,,,,
1423,global,2019-11-23,,,,
1424,global,2019-11-24,,,,
1425,global,2019-11-25,,,,
1426,global,2019-11-26,,,,
1427,global,2019-11-27,,,,
1428,global,2019-11-28,,,,
1429,global,2019-11-29,,,,
1430,global,2019-11-30,,,,
1431,global,2019-12-01,,,,
1432,global,2019-12-02,,,,
1433,global,2019-12-03,,,,
1434,global,2019-12-04,,,,
1435,global,2019-12-05,,,,
1436,global,2019-12-06,,,,
1437,global,2019-12-07,,,,
1438,global,2019-12-08,,,,
1439,global,2019-12-09,,,,
1440,global,2019-12-10,,,,
1441,global,2019-12-11,,,,
1442,global,2019-12-12,,,,
1443,global,2019-12-13,,,,
1444,global,2019-12-14,,,,
1445,global,2019-12-15,,,,
1446,global,2019-12-16,,,,
1447,global,2019-12-17,,,,
1448,global,2019-12-18,,,,
1449,global,2019-12-19,,,,
1450,global,2019-12-20,,,,
1451,global,2019-12-21,,,,
1452,global,2019-12-22,,,,
1453,global,2019-12-23,,,,
1454,global,2019-12-24,,,,
1455,global,2019-12-25,,,,
1456,global,2019-12-26,,,,
1457,global,2019-12-27,,,,
1458,global,2019-12-28,,,,
1459,global,2019-12-29,,,,
1460,global,2019-12-30,,,,
1461,global,2019-12-31,,,,
1462,global,2020-01-01,,,,
1463,global,2020-01-02,,,,
1464,global,2020-01-03,,,,
1465,global,2020-01-04,,,,
1466,global,2020-01-05,,,,
1467,global,2020-01-06,,,,
1468,global,2020-01-07,,,,
1469,global,2020-01-08,,,,
1470,global,2020-01-09,,,,
1471,global,2020-01-10,,,,
1472,global,2020-01-11,,,,
1473,global,2020-01-12,,,,
1474,global,2020-01-13,,,,
1475,global,2020-01-14,,,,
1476,global,2020-01-15,,,,
1477,global,2020-01-16,,,,
1478,global,2020-01-17,,,,
1479,global,2020-01-18,,,,
1480,global,2020-01-19,,,,
1481,global,2020-01-20,,,,
1482,global,2020-01-21,,,,
1483,global,2020-01-22,,,,
1484,global,2020-01-23,,,,
1485,global,2020-01-24,,,,
1486,global,2020-01-25,,,,
1487,global,2020-01-26,,,,
1488,global,2020-01-27,,,,
1489,global,2020-01-28,,,,
1490,global,2020-01-29,,,,
1491,global,2020-01-30,,,,
1492,global,2020-01-31,,,,
1493,global,2020-02-01,,,,
1494,global,2020-02-02,,,,
1495,global,2020-02-03,,,,
1496,global,2020-02-04,,,,
1497,global,2020-02-05,,,,
1498,global,2020-02-06,,,,
1499,global,2020-02-07,,,,
1500,global,2020-02-08,,,,
1501,global,2020-02-09,,,,
1502,global,2020-02-10,,,,
1503,global,2020-02-11,,,,
1504,global,2020-02-12,,,,
1505,global,2020-02-13,,,,
1506,global,2020-02-14,,,,
1507,global,2020-02-15,,,,
1508,global,2020-02-16,,,,
1509,global,2020-02-17,,,,
1510,global,2020-02-18,,,,
1511,global,2020-02-19,,,,
1512,global,2020-02-20,,,,
1513,global,2020-02-21,,,,
1514,global,2020-02-22,,,,
1515,global,2020-02-23,,,,
1516,global,2020-02-24,,,,
1517,global,2020-02-25,,,,
1518,global,2020-02-26,,,,
1519,global,2020-02-27,,,,
1520,global,2020-02-28,,,,
1521,global,2020-02-29,,,,
1522,global,2020-03-01,,,,
1523,global,2020-03-02,,,,
1524,global,2020-03-03,,,,
1525,global,2020-03-04,,,,
1526,global,2020-03-05,,,,
1527,global,2020-03-06,,,,
1528,global,2020-03-07,,,,
1529,global,2020-03-08,,,,
1530,global,2020-03-09,,,,
1531,global,2020-03-10,,,,
1532,global,2020-03-11,,,,
1533,global,2020-03-12,,,,
1534,global,2020-03-13,,,,
1535,global,2020-03-14,,,,
1536,global,2020-03-15,,,,
1537,global,2020-03-16,,,,
1538,global,2020-03-17,,,,
1539,global,2020-03-18,,,,
1540,global,2020-03-19,,,,
1541,global,2020-03-20,,,,
1542,global,2020-03-21,,,,
1543,global,2020-03-22,,,,
1544,global,2020-03-23,,,,
1545,global,2020-03-24,,,,
1546,global,2020-03-25,,,,
1547,global,2020-03-26,,,,
1548,global,2020-03-27,,,,
1549,global,2020-03-28,,,,
1550,global,2020-03-29,,,,
1551,global,2020-03-30,,,,
1552,global,2020-03-31,,,,
1553,global,2020-04-01,,,,
1554,global,2020-04-02,,,,
1555,global,2020-04-03,,,,
1556,global,2020-04-04,,,,
1557,global,2020-04-05,,,,
1558,global,2020-04-06,,,,
1559,global,2020-04-07,,,,
1560,global,2020-04-08,,,,
1561,global,2020-04-09,,,,
1562,global,2020-04-10,,,,
1563,global,2020-04-11,,,,
1564,global,2020-04-12,,,,
1565,global,2020-04-13,,,,
1566,global,2020-04-14,,,,
1567,global,2020-04-15,,,,
1568,global,2020-04-16,,,,
1569,global,2020-04-17,,,,
1570,global,2020-04-18,,,,
1571,global,2020-04-19,,,,
1572,global,2020-04-20,,,,
1573,global,2020-04-21,,,,
1574,global,2020-04-22,,,,
1575,global,2020-04-23,,,,
1576,global,2020-04-24,,,,
1577,global,2020-04-25,,,,
1578,global,2020-04-26,,,,
1579,global,2020-04-27,,,,
1580,global,2020-04-28,,,,
1581,global,2020-04-29,,,,
1582,global,2020-04-30,,,,
1583,global,2020-05-01,,,,
1584,global,2020-05-02,,,,
1585,global,2020-05-03,,,,
1586,global,2020-05-04,,,,
1587,global,2020-05-05,,,,
1588,global,2020-05-06,,,,
1589,global,2020-05-07,,,,
1590,global,2020-05-08,,,,
1591,global,2020-05-09,,,,
1592,global,2020-05-10,,,,
1593,global,2020-05-11,,,,
1594,global,2020-05-12,,,,
1595,global,2020-05-13,,,,
1596,global,2020-05-14,,,,
1597,global,2020-05-15,,,,
1598,global,2020-05-16,,,,
1599,global,2020-05-17,,,,
1600,global,2020-05-18,,,,
1601,global,2020-05-19,,,,
1602,global,2020-05-20,,,,
1603,global,2020-05-21,,,,
1604,global,2020-05-22,,,,
1605,global,2020-05-23,,,,
1606,global,2020-05-24,,,,
1607,global,2020-05-25,,,,
1608,global,2020-05-26,,,,
1609,global,2020-05-27,,,,
1610,global,2020-05-28,,,,
1611,global,2020-05-29,,,,
1612,global,2020-05-30,,,,
1613,global,2020-05-31,,,,
1614,global,2020-06-01,,,,
1615,global,2020-06-02,,,,
1616,global,2020-06-03,,,,
1617,global,2020-06-04,,,,
1618,global,2020-06-05,,,,
1619,global,2020-06-06,,,,
1620,global,2020-06-07,,,,
1621,global,2020-06-08,,,,
1622,global,2020-06-09,,,,
1623,global,2020-06-10,,,,
1624,global,2020-06-11,,,,
1625,global,2020-06-12,,,,
1626,global,2020-06-13,,,,
1627,global,2020-06-14,,,,
1628,global,2020-06-15,,,,
1629,global,2020-06-16,,,,
1630,global,2020-06-17,,,,
1631,global,2020-06-18,,,,
1632,global,2020-06-19,,,,
1633,global,2020-06-20,,,,
1634,global,2020-06-21,,,,
1635,global,2020-06-22,,,,
1636,global,2020-06-23,,,,
1637,global,2020-06-24,,,,
1638,global,2020-06-25,,,,
1639,global,2020-06-26,,,,
1640,global,2020-06-27,,,,
1641,global,2020-06-28,,,,
1642,global,2020-06-29,,,,
1643,global,2020-06-30,,,,
1644,global,2020-07-01,,,,
1645,global,2020-07-02,,,,
1646,global,2020-07-03,,,,
1647,global,2020-07-04,,,,
1648,global,2020-07-05,,,,
1649,global,2020-07-06,,,,
1650,global,2020-07-07,,,,
1651,global,2020-07-08,,,,
1652,global,2020-07-09,,,,
1653,global,2020-07-10,,,,
1654,global,2020-07-11,,,,
1655,global,2020-07-12,,,,
1656,global,2020-07-13,,,,
1657,global,2020-07-14,,,,
1658,global,2020-07-15,,,,
1659,global,2020-07-16,,,,
1660,global,2020-07-17,,,,
1661,global,2020-07-18,,,,
1662,global,2020-07-19,,,,
1663,global,2020-07-20,,,,
1664,global,2020-07-21,,,,
1665,global,2020-07-22,,,,
1666,global,2020-07-23,,,,
1667,global,2020-07-24,,,,
1668,global,2020-07-25,,,,
1669,global,2020-07-26,,,,
1670,global,2020-07-27,,,,
1671,global,2020-07-28,,,,
1672,global,2020-07-29,,,,
1673,global,2020-07-30,,,,
1674,global,2020-07-31,,,,
1675,global,2020-08-01,,,,
1676,global,2020-08-02,,,,
1677,global,2020-08-03,,,,
1678,global,2020-08-04,,,,
1679,global,2020-08-05,,,,
1680,global,2020-08-06,,,,
1681,global,2020-08-07,,,,
1682,global,2020-08-08,,,,
1683,global,2020-08-09,,,,
1684,global,2020-08-10,,,,
1685,global,2020-08-11,,,,
1686,global,2020-08-12,,,,
1687,global,2020-08-13,,,,
1688,global,2020-08-14,,,,
1689,global,2020-08-15,,,,
1690,global,2020-08-16,,,,
1691,global,2020-08-17,,,,
1692,global,2020-08-18,,,,
1693,global,2020-08-19,,,,
1694,global,2020-08-20,,,,
1695,global,2020-08-21,,,,
1696,global,2020-08-22,,,,
1697,global,2020-08-23,,,,
1698,global,2020-08-24,,,,
1699,global,2020-08-25,,,,
1700,global,2020-08-26,,,,
1701,global,2020-08-27,,,,
1702,global,2020-08-28,,,,
1703,global,2020-08-29,,,,
1704,global,2020-08-30,,,,
1705,global,2020-08-31,,,,
1706,global,2020-09-01,,,,
1707,global,2020-09-02,,,,
1708,global,2020-09-03,,,,
1709,global,2020-09-04,,,,
1710,global,2020-09-05,,,,
1711,global,2020-09-06,,,,
1712,global,2020-09-07,,,,
1713,global,2020-09-08,,,,
1714,global,2020-09-09,,,,
1715,global,2020-09-10,,,,
1716,global,2020-09-11,,,,
1717,global,2020-09-12,,,,
1718,global,2020-09-13,,,,
1719,global,2020-09-14,,,,
1720,global,2020-09-15,,,,
1721,global,2020-09-16,,,,
1722,global,2020-09-17,,,,
1723,global,2020-09-18,,,,
1724,global,2020-09-19,,,,
1725,global,2020-09-20,,,,
1726,global,2020-09-21,,,,
1727,global,2020-09-22,,,,
1728,global,2020-09-23,,,,
1729,global,2020-09-24,,,,
1730,global,2020-09-25,,,,
1731,global,2020-09-26,,,,
1732,global,2020-09-27,,,,
1733,global,2020-09-28,,,,
1734,global,2020-09-29,,,,
1735,global,2020-09-30,,,,
1736,global,2020-10-01,,,,
1737,global,2020-10-02,,,,
1738,global,2020-10-03,,,,
1739,global,2020-10-04,,,,
1740,global,2020-10-05,,,,
1741,global,2020-10-06,,,,
1742,global,2020-10-07,,,,
1743,global,2020-10-08,,,,
1744,global,2020-10-09,,,,
1745,global,2020-10-10,,,,
1746,global,2020-10-11,,,,
1747,global,2020-10-12,,,,
1748,global,2020-10-13,,,,
1749,global,2020-10-14,,,,
1750,global,2020-10-15,,,,
1751,global,2020-10-16,,,,
1752,global,2020-10-17,,,,
1753,global,2020-10-18,,,,
1754,global,2020-10-19,,,,
1755,global,2020-10-20,,,,
1756,global,2020-10-21,,,,
1757,global,2020-10-22,,,,
1758,global,2020-10-23,,,,
1759,global,2020-10-24,,,,
1760,global,2020-10-25,,,,
1761,global,2020-10-26,,,,
1762,global,2020-10-27,,,,
1763,global,2020-10-28,,,,
1764,global,2020-10-29,,,,
1765,global,2020-10-30,,,,
1766,global,2020-10-31,,,,
1767,global,2020-11-01,,,,
1768,global,2020-11-02,,,,
1769,global,2020-11-03,,,,
1770,global,2020-11-04,,,,
1771,global,2020-11-05,,,,
1772,global,2020-11-06,,,,
1773,global,2020-11-07,,,,
1774,global,2020-11-08,,,,
1775,global,2020-11-09,,,,
1776,global,2020-11-10,,,,
1777,global,2020-11-11,,,,
1778,global,2020-11-12,,,,
1779,global,2020-11-13,,,,
1780,global,2020-11-14,,,,
1781,global,2020-11-15,,,,
1782,global,2020-11-16,,,,
1783,global,2020-11-17,,,,
1784,global,2020-11-18,,,,
1785,global,2020-11-19,,,,
1786,global,2020-11-20,,,,
1787,global,2020-11-21,,,,
1788,global,2020-11-22,,,,
1789,global,2020-11-23,,,,
1790,global,2020-11-24,,,,
1791,global,2020-11-25,,,,
1792,global,2020-11-26,,,,
1793,global,2020-11-27,,,,
1794,global,2020-11-28,,,,
1795,global,2020-11-29,,,,
1796,global,2020-11-30,,,,
1797,global,2020-12-01,,,,
1798,global,2020-12-02,,,,
1799,global,2020-12-03,,,,
1800,global,2020-12-04,,,,
1801,global,2020-12-05,,,,
1802,global,2020-12-06,,,,
1803,global,2020-12-07,,,,
1804,global,2020-12-08,,,,
1805,global,2020-12-09,,,,
1806,global,2020-12-10,,,,
1807,global,2020-12-11,,,,
1808,global,2020-12-12,,,,
1809,global,2020-12-13,,,,
1810,global,2020-12-14,,,,
1811,global,2020-12-15,,,,
1812,global,2020-12-16,,,,
1813,global,2020-12-17,,,,
1814,global,2020-12-18,,,,
1815,global,2020-12-19,,,,
1816,global,2020-12-20,,,,
1817,global,2020-12-21,,,,
1818,global,2020-12-22,,,,
1819,global,2020-12-23,,,,
1820,global,2020-12-24,,,,
1821,global,2020-12-25,,,,
1822,global,2020-12-26,,,,
1823,global,2020-12-27,,,,
1824,global,2020-12-28,,,,
1825,global,2020-12-29,,,,
1826,global,2020-12-30,,,,
1827,global,2020-12-31,,,,
1828,global,2021-01-01,,,,
1829,global,2021-01-02,,,,
1830,global,2021-01-03,,,,
1831,global,2021-01-04,,,,
1832,global,2021-01-05,,,,
1833,global,2021-01-06,,,,
1834,global,2021-01-07,,,,
1835,global,2021-01-08,,,,
1836,global,2021-01-09,,,,
1837,global,2021-01-10,,,,
1838,global,2021-01-11,,,,
1839,global,2021-01-12,,,,
1840,global,2021-01-13,,,,
1841,global,2021-01-14,,,,
1842,global,2021-01-15,,,,
1843,global,2021-01-16,,,,
1844,global,2021-01-17,,,,
1845,global,2021-01-18,,,,
1846,global,2021-01-19,,,,
1847,global,2021-01-20,,,,
1848,global,2021-01-21,,,,
1849,global,2021-01-22,,,,
1850,global,2021-01-23,,,,
1851,global,2021-01-24,,,,
1852,global,2021-01-25,,,,
1853,global,2021-01-26,,,,
1854,global,2021-01-27,,,,
1855,global,2021-01-28,,,,
1856,global,2021-01-29,,,,
1857,global,2021-01-30,,,,
1858,global,2021-01-31,,,,
1859,global,2021-02-01,,,,
1860,global,2021-02-02,,,,
1861,global,2021-02-03,,,,
1862,global,2021-02-04,,,,
1863,global,2021-02-05,,,,
1864,global,2021-02-06,,,,
1865,global,2021-02-07,,,,
1866,global,2021-02-08,,,,
1867,global,2021-02-09,,,,
1868,global,2021-02-10,,,,
1869,global,2021-02-11,,,,
1870,global,2021-02-12,,,,
1871,global,2021-02-13,,,,
1872,global,2021-02-14,,,,
1873,global,2021-02-15,,,,
1874,global,2021-02-16,,,,
1875,global,2021-02-17,,,,
1876,global,2021-02-18,,,,
1877,global,2021-02-19,,,,
1878,global,2021-02-20,,,,
1879,global,2021-02-21,,,,
1880,global,2021-02-22,,,,
1881,global,2021-02-23,,,,
1882,global,2021-02-24,,,,
1883,global,2021-02-25,,,,
1884,global,2021-02-26,,,,
1885,global,2021-02-27,,,,
1886,global,2021-02-28,,,,
1887,global,2021-03-01,,,,
1888,global,2021-03-02,,,,
1889,global,2021-03-03,,,,
1890,global,2021-03-04,,,,
1891,global,2021-03-05,,,,
1892,global,2021-03-06,,,,
1893,global,2021-03-07,,,,
1894,global,2021-03-08,,,,
1895,global,2021-03-09,,,,
1896,global,2021-03-10,,,,
1897,global,2021-03-11,,,,
1898,global,2021-03-12,,,,
1899,global,2021-03-13,,,,
1900,global,2021-03-14,,,,
1901,global,2021-03-15,,,,
1902,global,2021-03-16,,,,
1903,global,2021-03-17,,,,
1904,global,2021-03-18,,,,
1905,global,2021-03-19,,,,
1906,global,2021-03-20,,,,
1907,global,2021-03-21,,,,
1908,global,2021-03-22,,,,
1909,global,2021-03-23,,,,
1910,global,2021-03-24,,,,
1911,global,2021-03-25,,,,
1912,global,2021-03-26,,,,
1913,global,2021-03-27,,,,
1914,global,2021-03-28,,,,
1915,global,2021-03-29,,,,
1916,global,2021-03-30,,,,
1917,global,2021-03-31,,,,
1918,global,2021-04-01,,,,
1919,global,2021-04-02,,,,
1920,global,2021-04-03,,,,
1921,global,2021-04-04,,,,
1922,global,2021-04-05,,,,
1923,global,2021-04-06,,,,
1924,global,2021-04-07,,,,
1925,global,2021-04-08,,,,
1926,global,2021-04-09,,,,
1927,global,2021-04-10,,,,
1928,global,2021-04-11,,,,
1929,global,2021-04-12,,,,
1930,global,2021-04-13,,,,
1931,global,2021-04-14,,,,
1932,global,2021-04-15,,,,
1933,global,2021-04-16,,,,
1934,global,2021-04-17,,,,
1935,global,2021-04-18,,,,
1936,global,2021-04-19,,,,
1937,global,2021-04-20,,,,
1938,global,2021-04-21,,,,
1939,global,2021-04-22,,,,
1940,global,2021-04-23,,,,
1941,global,2021-04-24,,,,
1942,global,2021-04-25,,,,
1943,global,2021-04-26,,,,
1944,global,2021-04-27,,,,
1945,global,2021-04-28,,,,
1946,global,2021-04-29,,,,
1947,global,2021-04-30,,,,
1948,global,2021-05-01,,,,
1949,global,2021-05-02,,,,
1950,global,2021-05-03,,,,
1951,global,2021-05-04,,,,
1952,global,2021-05-05,,,,
1953,global,2021-05-06,,,,
1954,global,2021-05-07,,,,
1955,global,2021-05-08,,,,
1956,global,2021-05-09,,,,
1957,global,2021-05-10,,,,
1958,global,2021-05-11,,,,
1959,global,2021-05-12,,,,
1960,global,2021-05-13,,,,
1961,global,2021-05-14,,,,
1962,global,2021-05-15,,,,
1963,global,2021-05-16,,,,
1964,global,2021-05-17,,,,
1965,global,2021-05-18,,,,
1966,global,2021-05-19,,,,
1967,global,2021-05-20,,,,
1968,global,2021-05-21,,,,
1969,global,2021-05-22,,,,
1970,global,2021-05-23,,,,
1971,global,2021-05-24,,,,
1972,global,2021-05-25,,,,
1973,global,2021-05-26,,,,
1974,global,2021-05-27,,,,
1975,global,2021-05-28,,,,
1976,global,2021-05-29,,,,
1977,global,2021-05-30,,,,
1978,global,2021-05-31,,,,
1979,global,2021-06-01,,,,
1980,global,2021-06-02,,,,
1981,global,2021-06-03,,,,
1982,global,2021-06-04,,,,
1983,global,2021-06-05,,,,
1984,global,2021-06-06,,,,
1985,global,2021-06-07,,,,
1986,global,2021-06-08,,,,
1987,global,2021-06-09,,,,
1988,global,2021-06-10,,,,
1989,global,2021-06-11,,,,
1990,global,2021-06-12,,,,
1991,global,2021-06-13,,,,
1992,global,2021-06-14,,,,
1993,global,2021-06-15,,,,
1994,global,2021-06-16,,,,
1995,global,2021-06-17,,,,
1996,global,2021-06-18,,,,
1997,global,2021-06-19,,,,
1998,global,2021-06-20,,,,
1999,global,2021-06-21,,,,
2000,global,2021-06-22,,,,
2001,global,2021-06-23,,,,
2002,global,2021-06-24,,,,
2003,global,2021-06-25,,,,
2004,global,2021-06-26,,,,
2005,global,2021-06-27,,,,
2006,global,2021-06-28,,,,
2007,global,2021-06-29,,,,
2008,global,2021-06-30,,,,
2009,global,2021-07-01,,,,
2010,global,2021-07-02,,,,
2011,global,2021-07-03,,,,
2012,global,2021-07-04,,,,
2013,global,2021-07-05,,,,
2014,global,2021-07-06,,,,
2015,global,2021-07-07,,,,
2016,global,2021-07-08,,,,
2017,global,2021-07-09,,,,
2018,global,2021-07-10,,,,
2019,global,2021-07-11,,,,
2020,global,2021-07-12,,,,
2021,global,2021-07-13,,,,
2022,global,2021-07-14,,,,
2023,global,2021-07-15,,,,
2024,global,2021-07-16,,,,
2025,global,2021-07-17,,,,
2026,global,2021-07-18,,,,
2027,global,2021-07-19,,,,
2028,global,2021-07-20,,,,
2029,global,2021-07-21,,,,
2030,global,2021-07-22,,,,
2031,global,2021-07-23,,,,
2032,global,2021-07-24,,,,
2033,global,2021-07-25,,,,
2034,global,2021-07-26,,,,
2035,global,2021-07-27,,,,
2036,global,2021-07-28,,,,
2037,global,2021-07-29,,,,
2038,global,2021-07-30,,,,
2039,global,2021-07-31,,,,
2040,global,2021-08-01,,,,
2041,global,2021-08-02,,,,
2042,global,2021-08-03,,,,
2043,global,2021-08-04,,,,
2044,global,2021-08-05,,,,
2045,global,2021-08-06,,,,
2046,global,2021-08-07,,,,
2047,global,2021-08-08,,,,
2048,global,2021-08-09,,,,
2049,global,2021-08-10,,,,
2050,global,2021-08-11,,,,
2051,global,2021-08-12,,,,
2052,global,2021-08-13,,,,
2053,global,2021-08-14,,,,
2054,global,2021-08-15,,,,
2055,global,2021-08-16,,,,
2056,global,2021-08-17,,,,
2057,global,2021-08-18,,,,
2058,global,2021-08-19,,,,
2059,global,2021-08-20,,,,
2060,global,2021-08-21,,,,
2061,global,2021-08-22,,,,
2062,global,2021-08-23,,,,
2063,global,2021-08-24,,,,
2064,global,2021-08-25,,,,
2065,global,2021-08-26,,,,
2066,global,2021-08-27,,,,
2067,global,2021-08-28,,,,
2068,global,2021-08-29,,,,
2069,global,2021-08-30,,,,
2070,global,2021-08-31,,,,
2071,global,2021-09-01,,,,
2072,global,2021-09-02,,,,
2073,global,2021-09-03,,,,
2074,global,2021-09-04,,,,
2075,global,2021-09-05,,,,
2076,global,2021-09-06,,,,
2077,global,2021-09-07,,,,
2078,global,2021-09-08,,,,
2079,global,2021-09-09,,,,
2080,global,2021-09-10,,,,
2081,global,2021-09-11,,,,
2082,global,2021-09-12,,,,
2083,global,2021-09-13,,,,
2084,global,2021-09-14,,,,
2085,global,2021-09-15,,,,
2086,global,2021-09-16,,,,
2087,global,2021-09-17,,,,
2088,global,2021-09-18,,,,
2089,global,2021-09-19,,,,
2090,global,2021-09-20,,,,
2091,global,2021-09-21,,,,
2092,global,2021-09-22,,,,
2093,global,2021-09-23,,,,
2094,global,2021-09-24,,,,
2095,global,2021-09-25,,,,
2096,global,2021-09-26,,,,
2097,global,2021-09-27,,,,
2098,global,2021-09-28,,,,
2099,global,2021-09-29,,,,
2100,global,2021-09-30,,,,
2101,global,2021-10-01,,,,
2102,global,2021-10-02,,,,
2103,global,2021-10-03,,,,
2104,global,2021-10-04,,,,
2105,global,2021-10-05,,,,
2106,global,2021-10-06,,,,
2107,global,2021-10-07,,,,
2108,global,2021-10-08,,,,
2109,global,2021-10-09,,,,
2110,global,2021-10-10,,,,
2111,global,2021-10-11,,,,
2112,global,2021-10-12,,,,
2113,global,2021-10-13,,,,
2114,global,2021-10-14,,,,
2115,global,2021-10-15,,,,
2116,global,2021-10-16,,,,
2117,global,2021-10-17,,,,
2118,global,2021-10-18,,,,
2119,global,2021-10-19,,,,
2120,global,2021-10-20,,,,
2121,global,2021-10-21,,,,
2122,global,2021-10-22,,,,
2123,global,2021-10-23,,,,
2124,global,2021-10-24,,,,
2125,global,2021-10-25,,,,
2126,global,2021-10-26,,,,
2127,global,2021-10-27,,,,
2128,global,2021-10-28,,,,
2129,global,2021-10-29,,,,
2130,global,2021-10-30,,,,
2131,global,2021-10-31,,,,
2132,global,2021-11-01,,,,
2133,global,2021-11-02,,,,
2134,global,2021-11-03,,,,
2135,global,2021-11-04,,,,
2136,global,2021-11-05,,,,
2137,global,2021-11-06,,,,
2138,global,2021-11-07,,,,
2139,global,2021-11-08,,,,
2140,global,2021-11-09,,,,
2141,global,2021-11-10,,,,
2142,global,2021-11-11,,,,
2143,global,2021-11-12,,,,
2144,global,2021-11-13,,,,
2145,global,2021-11-14,,,,
2146,global,2021-11-15,,,,
2147,global,2021-11-16,,,,
2148,global,2021-11-17,,,,
2149,global,2021-11-18,,,,
2150,global,2021-11-19,,,,
2151,global,2021-11-20,,,,
2152,global,2021-11-21,,,,
2153,global,2021-11-22,,,,
2154,global,2021-11-23,,,,
2155,global,2021-11-24,,,,
2156,global,2021-11-25,,,,
2157,global,2021-11-26,,,,
2158,global,2021-11-27,,,,
2159,global,2021-11-28,,,,
2160,global,2021-11-29,,,,
2161,global,2021-11-30,,,,
2162,global,2021-12-01,,,,
2163,global,2021-12-02,,,,
2164,global,2021-12-03,,,,
2165,global,2021-12-04,,,,
2166,global,2021-12-05,,,,
2167,global,2021-12-06,,,,
2168,global,2021-12-07,,,,
2169,global,2021-12-08,,,,
2170,global,2021-12-09,,,,
2171,global,2021-12-10,,,,
2172,global,2021-12-11,,,,
2173,global,2021-12-12,,,,
2174,global,2021-12-13,,,,
2175,global,2021-12-14,,,,
2176,global,2021-12-15,,,,
2177,global,2021-12-16,,,,
2178,global,2021-12-17,,,,
2179,global,2021-12-18,,,,
2180,global,2021-12-19,,,,
2181,global,2021-12-20,,,,
2182,global,2021-12-21,,,,
2183,global,2021-12-22,,,,
2184,global,2021-12-23,,,,
2185,global,2021-12-24,,,,
2186,global,2021-12-25,,,,
2187,global,2021-12-26,,,,
2188,global,2021-12-27,,,,
2189,global,2021-12-28,,,,
2190,global,2021-12-29,,,,
2191,global,2021-12-30,,,,
2192,global,2021-12-31,,,,
2193,global,2022-01-01,,,,
2194,global,2022-01-02,,,,
2195,global,2022-01-03,,,,
2196,global,2022-01-04,,,,
2197,global,2022-01-05,,,,
2198,global,2022-01-06,,,,
2199,global,2022-01-07,,,,
2200,global,2022-01-08,,,,
2201,global,2022-01-09,,,,
2202,global,2022-01-10,,,,
2203,global,2022-01-11,,,,
2204,global,2022-01-12,,,,
2205,global,2022-01-13,,,,
2206,global,2022-01-14,,,,
2207,global,2022-01-15,,,,
2208,global,2022-01-16,,,,
2209,global,2022-01-17,,,,
2210,global,2022-01-18,,,,
2211,global,2022-01-19,,,,
2212,global,2022-01-20,,,,
2213,global,2022-01-21,,,,
2214,global,2022-01-22,,,,
2215,global,2022-01-23,,,,
2216,global,2022-01-24,,,,
2217,global,2022-01-25,,,,
2218,global,2022-01-26,,,,
2219,global,2022-01-27,,,,
2220,global,2022-01-28,,,,
2221,global,2022-01-29,,,,
2222,global,2022-01-30,,,,
2223,global,2022-01-31,,,,
2224,global,2022-02-01,,,,
2225,global,2022-02-02,,,,
2226,global,2022-02-03,,,,
2227,global,2022-02-04,,,,
2228,global,2022-02-05,,,,
2229,global,2022-02-06,,,,
2230,global,2022-02-07,,,,
2231,global,2022-02-08,,,,
2232,global,2022-02-09,,,,
2233,global,2022-02-10,,,,
2234,global,2022-02-11,,,,
2235,global,2022-02-12,,,,
2236,global,2022-02-13,,,,
2237,global,2022-02-14,,,,
2238,global,2022-02-15,,,,
2239,global,2022-02-16,,,,
2240,global,2022-02-17,,,,
2241,global,2022-02-18,,,,
2242,global,2022-02-19,,,,
2243,global,2022-02-20,,,,
2244,global,2022-02-21,,,,
2245,global,2022-02-22,,,,
2246,global,2022-02-23,,,,
2247,global,2022-02-24,,,,
2248,global,2022-02-25,,,,
2249,global,2022-02-26,,,,
2250,global,2022-02-27,,,,
2251,global,2022-02-28,,,,
2252,global,2022-03-01,,,,
2253,global,2022-03-02,,,,
2254,global,2022-03-03,,,,
2255,global,2022-03-04,,,,
2256,global,2022-03-05,,,,
2257,global,2022-03-06,,,,
2258,global,2022-03-07,,,,
2259,global,2022-03-08,,,,
2260,global,2022-03-09,,,,
2261,global,2022-03-10,,,,
2262,global,2022-03-11,,,,
2263,global,2022-03-12,,,,
2264,global,2022-03-13,,,,
2265,global,2022-03-14,,,,
2266,global,2022-03-15,,,,
2267,global,2022-03-16,,,,
2268,global,2022-03-17,,,,
2269,global,2022-03-18,,,,
2270,global,2022-03-19,,,,
2271,global,2022-03-20,,,,
2272,global,2022-03-21,,,,
2273,global,2022-03-22,,,,
2274,global,2022-03-23,,,,
2275,global,2022-03-24,,,,
2276,global,2022-03-25,,,,
2277,global,2022-03-26,,,,
2278,global,2022-03-27,,,,
2279,global,2022-03-28,,,,
2280,global,2022-03-29,,,,
2281,global,2022-03-30,,,,
2282,global,2022-03-31,,,,
2283,global,2022-04-01,,,,
2284,global,2022-04-02,,,,
2285,global,2022-04-03,,,,
2286,global,2022-04-04,,,,
2287,global,2022-04-05,,,,
2288,global,2022-04-06,,,,
2289,global,2022-04-07,,,,
2290,global,2022-04-08,,,,
2291,global,2022-04-09,,,,
2292,global,2022-04-10,,,,
2293,global,2022-04-11,,,,
2294,global,2022-04-12,,,,
2295,global,2022-04-13,,,,
2296,global,2022-04-14,,,,
2297,global,2022-04-15,,,,
2298,global,2022-04-16,,,,
2299,global,2022-04-17,,,,
2300,global,2022-04-18,,,,
2301,global,2022-04-19,,,,
2302,global,2022-04-20,,,,
2303,global,2022-04-21,,,,
2304,global,2022-04-22,,,,
2305,global,2022-04-23,,,,
2306,global,2022-04-24,,,,
2307,global,2022-04-25,,,,
2308,global,2022-04-26,,,,
2309,global,2022-04-27,,,,
2310,global,2022-04-28,,,,
2311,global,2022-04-29,,,,
2312,global,2022-04-30,,,,
2313,global,2022-05-01,,,,
2314,global,2022-05-02,,,,
2315,global,2022-05-03,,,,
2316,global,2022-05-04,,,,
2317,global,2022-05-05,,,,
2318,global,2022-05-06,,,,
2319,global,2022-05-07,,,,
2320,global,2022-05-08,,,,
2321,global,2022-05-09,,,,
2322,global,2022-05-10,,,,
2323,global,2022-05-11,,,,
2324,global,2022-05-12,,,,
2325,global,2022-05-13,,,,
2326,global,2022-05-14,,,,
2327,global,2022-05-15,,,,
2328,global,2022-05-16,,,,
2329,global,2022-05-17,,,,
2330,global,2022-05-18,,,,
2331,global,2022-05-19,,,,
2332,global,2022-05-20,,,,
2333,global,2022-05-21,,,,
2334,global,2022-05-22,,,,
2335,global,2022-05-23,,,,
2336,global,2022-05-24,,,,
2337,global,2022-05-25,,,,
2338,global,2022-05-26,,,,
2339,global,2022-05-27,,,,
2340,global,2022-05-28,,,,
2341,global,2022-05-29,,,,
2342,global,2022-05-30,,,,
2343,global,2022-05-31,,,,
2344,global,2022-06-01,,,,
2345,global,2022-06-02,,,,
2346,global,2022-06-03,,,,
2347,global,2022-06-04,,,,
2348,global,2022-06-05,,,,
2349,global,2022-06-06,,,,
2350,global,2022-06-07,,,,
2351,global,2022-06-08,,,,
2352,global,2022-06-09,,,,
2353,global,2022-06-10,,,,
2354,global,2022-06-11,,,,
2355,global,2022-06-12,,,,
2356,global,2022-06-13,,,,
2357,global,2022-06-14,,,,
2358,global,2022-06-15,,,,
2359,global,2022-06-16,,,,
2360,global,2022-06-17,,,,
2361,global,2022-06-18,,,,
2362,global,2022-06-19,,,,
2363,global,2022-06-20,,,,
2364,global,2022-06-21,,,,
2365,global,2022-06-22,,,,
2366,global,2022-06-23,,,,
2367,global,2022-06-24,,,,
2368,global,2022-06-25,,,,
2369,global,2022-06-26,,,,
2370,global,2022-06-27,,,,
2371,global,2022-06-28,,,,
2372,global,2022-06-29,,,,
2373,global,2022-06-30,,,,
2374,global,2022-07-01,,,,
2375,global,2022-07-02,,,,
2376,global,2022-07-03,,,,
2377,global,2022-07-04,,,,
2378,global,2022-07-05,,,,
2379,global,2022-07-06,,,,
2380,global,2022-07-07,,,,
2381,global,2022-07-08,,,,
2382,global,2022-07-09,,,,
2383,global,2022-07-10,,,,
2384,global,2022-07-11,,,,
2385,global,2022-07-12,,,,
2386,global,2022-07-13,,,,
2387,global,2022-07-14,,,,
2388,global,2022-07-15,,,,
2389,global,2022-07-16,,,,
2390,global,2022-07-17,,,,
2391,global,2022-07-18,,,,
2392,global,2022-07-19,,,,
2393,global,2022-07-20,,,,
2394,global,2022-07-21,,,,
2395,global,2022-07-22,,,,
2396,global,2022-07-23,,,,
2397,global,2022-07-24,,,,
2398,global,2022-07-25,,,,
2399,global,2022-07-26,,,,
2400,global,2022-07-27,,,,
2401,global,2022-07-28,,,,
2402,global,2022-07-29,,,,
2403,global,2022-07-30,,,,
2404,global,2022-07-31,,,,
2405,global,2022-08-01,,,,
2406,global,2022-08-02,,,,
2407,global,2022-08-03,,,,
2408,global,2022-08-04,,,,
2409,global,2022-08-05,,,,
2410,global,2022-08-06,,,,
2411,global,2022-08-07,,,,
2412,global,2022-08-08,,,,
2413,global,2022-08-09,,,,
2414,global,2022-08-10,,,,
2415,global,2022-08-11,,,,
2416,global,2022-08-12,,,,
2417,global,2022-08-13,,,,
2418,global,2022-08-14,,,,
2419,global,2022-08-15,,,,
2420,global,2022-08-16,,,,
2421,global,2022-08-17,,,,
2422,global,2022-08-18,,,,
2423,global,2022-08-19,,,,
2424,global,2022-08-20,,,,
2425,global,2022-08-21,,,,
2426,global,2022-08-22,,,,
2427,global,2022-08-23,,,,
2428,global,2022-08-24,,,,
2429,global,2022-08-25,,,,
2430,global,2022-08-26,,,,
2431,global,2022-08-27,,,,
2432,global,2022-08-28,,,,
2433,global,2022-08-29,,,,
2434,global,2022-08-30,,,,
2435,global,2022-08-31,,,,
2436,global,2022-09-01,,,,
2437,global,2022-09-02,,,,
2438,global,2022-09-03,,,,
2439,global,2022-09-04,,,,
2440,global,2022-09-05,,,,
2441,global,2022-09-06,,,,
2442,global,2022-09-07,,,,
2443,global,2022-09-08,,,,
2444,global,2022-09-09,,,,
2445,global,2022-09-10,,,,
2446,global,2022-09-11,,,,
2447,global,2022-09-12,,,,
2448,global,2022-09-13,,,,
2449,global,2022-09-14,,,,
2450,global,2022-09-15,,,,
2451,global,2022-09-16,,,,
2452,global,2022-09-17,,,,
2453,global,2022-09-18,,,,
2454,global,2022-09-19,,,,
2455,global,2022-09-20,,,,
2456,global,2022-09-21,,,,
2457,global,2022-09-22,,,,
2458,global,2022-09-23,,,,
2459,global,2022-09-24,,,,
2460,global,2022-09-25,,,,
2461,global,2022-09-26,,,,
2462,global,2022-09-27,,,,
2463,global,2022-09-28,,,,
2464,global,2022-09-29,,,,
2465,global,2022-09-30,,,,
2466,global,2022-10-01,,,,
2467,global,2022-10-02,,,,
2468,global,2022-10-03,,,,
2469,global,2022-10-04,,,,
2470,global,2022-10-05,,,,
2471,global,2022-10-06,,,,
2472,global,2022-10-07,,,,
2473,global,2022-10-08,,,,
2474,global,2022-10-09,,,,
2475,global,2022-10-10,,,,
2476,global,2022-10-11,,,,
2477,global,2022-10-12,,,,
2478,global,2022-10-13,,,,
2479,global,2022-10-14,,,,
2480,global,2022-10-15,,,,
2481,global,2022-10-16,,,,
2482,global,2022-10-17,,,,
2483,global,2022-10-18,,,,
2484,global,2022-10-19,,,,
2485,global,2022-10-20,,,,
2486,global,2022-10-21,,,,
2487,global,2022-10-22,,,,
2488,global,2022-10-23,,,,
2489,global,2022-10-24,,,,
2490,global,2022-10-25,,,,
2491,global,2022-10-26,,,,
2492,global,2022-10-27,,,,
2493,global,2022-10-28,,,,
2494,global,2022-10-29,,,,
2495,global,2022-10-30,,,,
2496,global,2022-10-31,,,,
2497,global,2022-11-01,,,,
2498,global,2022-11-02,,,,
2499,global,2022-11-03,,,,
2500,global,2022-11-04,,,,
2501,global,2022-11-05,,,,
2502,global,2022-11-06,,,,
2503,global,2022-11-07,,,,
2504,global,2022-11-08,,,,
2505,global,2022-11-09,,,,
2506,global,2022-11-10,,,,
2507,global,2022-11-11,,,,
2508,global,2022-11-12,,,,
2509,global,2022-11-13,,,,
2510,global,2022-11-14,,,,
2511,global,2022-11-15,,,,
2512,global,2022-11-16,,,,
2513,global,2022-11-17,,,,
2514,global,2022-11-18,,,,
2515,global,2022-11-19,,,,
2516,global,2022-11-20,,,,
2517,global,2022-11-21,,,,
2518,global,2022-11-22,,,,
2519,global,2022-11-23,,,,
2520,global,2022-11-24,,,,
2521,global,2022-11-25,,,,
2522,global,2022-11-26,,,,
2523,global,2022-11-27,,,,
2524,global,2022-11-28,,,,
2525,global,2022-11-29,,,,
2526,global,2022-11-30,,,,
2527,global,2022-12-01,,,,
2528,global,2022-12-02,,,,
2529,global,2022-12-03,,,,
2530,global,2022-12-04,,,,
2531,global,2022-12-05,,,,
2532,global,2022-12-06,,,,
2533,global,2022-12-07,,,,
2534,global,2022-12-08,,,,
2535,global,2022-12-09,,,,
2536,global,2022-12-10,,,,
2537,global,2022-12-11,,,,
2538,global,2022-12-12,,,,
2539,global,2022-12-13,,,,
2540,global,2022-12-14,,,,
2541,global,2022-12-15,,,,
2542,global,2022-12-16,,,,
2543,global,2022-12-17,,,,
2544,global,2022-12-18,,,,
2545,global,2022-12-19,,,,
2546,global,2022-12-20,,,,
2547,global,2022-12-21,,,,
2548,global,2022-12-22,,,,
2549,global,2022-12-23,,,,
2550,global,2022-12-24,,,,
2551,global,2022-12-25,,,,
2552,global,2022-12-26,,,,
2553,global,2022-12-27,,,,
2554,global,2022-12-28,,,,
2555,global,2022-12-29,,,,
2556,global,2022-12-30,,,,
2557,global,2022-12-31,,,,
2558,global,2023-01-01,,,,
2559,global,2023-01-02,,,,
2560,global,2023-01-03,,,,
2561,global,2023-01-04,,,,
2562,global,2023-01-05,,,,
2563,global,2023-01-06,,,,
2564,global,2023-01-07,,,,
2565,global,2023-01-08,,,,
2566,global,2023-01-09,,,,
2567,global,2023-01-10,,,,
2568,global,2023-01-11,,,,
2569,global,2023-01-12,,,,
2570,global,2023-01-13,,,,
2571,global,2023-01-14,,,,
2572,global,2023-01-15,,,,
2573,global,2023-01-16,,,,
2574,global,2023-01-17,,,,
2575,global,2023-01-18,,,,
2576,global,2023-01-19,,,,
2577,global,2023-01-20,,,,
2578,global,2023-01-21,,,,
2579,global,2023-01-22,,,,
2580,global,2023-01-23,,,,
2581,global,2023-01-24,,,,
2582,global,2023-01-25,,,,
2583,global,2023-01-26,,,,
2584,global,2023-01-27,,,,
2585,global,2023-01-28,,,,
2586,global,2023-01-29,,,,
2587,global,2023-01-30,,,,
2588,global,2023-01-31,,,,
2589,global,2023-02-01,,,,
2590,global,2023-02-02,,,,
2591,global,2023-02-03,,,,
2592,global,2023-02-04,,,,
2593,global,2023-02-05,,,,
2594,global,2023-02-06,,,,
2595,global,2023-02-07,,,,
2596,global,2023-02-08,,,,
2597,global,2023-02-09,,,,
2598,global,2023-02-10,,,,
2599,global,2023-02-11,,,,
2600,global,2023-02-12,,,,
2601,global,2023-02-13,,,,
2602,global,2023-02-14,,,,
2603,global,2023-02-15,,,,
2604,global,2023-02-16,,,,
2605,global,2023-02-17,,,,
2606,global,2023-02-18,,,,
2607,global,2023-02-19,,,,
2608,global,2023-02-20,,,,
2609,global,2023-02-21,,,,
2610,global,2023-02-22,,,,
2611,global,2023-02-23,,,,
2612,global,2023-02-24,,,,
2613,global,2023-02-25,,,,
2614,global,2023-02-26,,,,
2615,global,2023-02-27,,,,
2616,global,2023-02-28,,,,
2617,global,2023-03-01,,,,
2618,global,2023-03-02,,,,
2619,global,2023-03-03,,,,
2620,global,2023-03-04,,,,
2621,global,2023-03-05,,,,
2622,global,2023-03-06,,,,
2623,global,2023-03-07,,,,
2624,global,2023-03-08,,,,
2625,global,2023-03-09,,,,
2626,global,2023-03-10,,,,
2627,global,2023-03-11,,,,
2628,global,2023-03-12,,,,
2629,global,2023-03-13,,,,
2630,global,2023-03-14,,,,
2631,global,2023-03-15,,,,
2632,global,2023-03-16,,,,
2633,global,2023-03-17,,,,
2634,global,2023-03-18,,,,
2635,global,2023-03-19,,,,
2636,global,2023-03-20,,,,
2637,global,2023-03-21,,,,
2638,global,2023-03-22,,,,
2639,global,2023-03-23,,,,
2640,global,2023-03-24,,,,
2641,global,2023-03-25,,,,
2642,global,2023-03-26,,,,
2643,global,2023-03-27,,,,
2644,global,2023-03-28,,,,
2645,global,2023-03-29,,,,
2646,global,2023-03-30,,,,
2647,global,2023-03-31,,,,
2648,global,2023-04-01,,,,
2649,global,2023-04-02,,,,
2650,global,2023-04-03,,,,
2651,global,2023-04-04,,,,
2652,global,2023-04-05,,,,
2653,global,2023-04-06,,,,
2654,global,2023-04-07,,,,
2655,global,2023-04-08,,,,
2656,global,2023-04-09,,,,
2657,global,2023-04-10,,,,
2658,global,2023-04-11,,,,
2659,global,2023-04-12,,,,
2660,global,2023-04-13,,,,
2661,global,2023-04-14,,,,
2662,global,2023-04-15,,,,
2663,global,2023-04-16,,,,
2664,global,2023-04-17,,,,
2665,global,2023-04-18,,,,
2666,global,2023-04-19,,,,
2667,global,2023-04-20,,,,
2668,global,2023-04-21,,,,
2669,global,2023-04-22,,,,
2670,global,2023-04-23,,,,
2671,global,2023-04-24,,,,
2672,global,2023-04-25,,,,
2673,global,2023-04-26,,,,
2674,global,2023-04-27,,,,
2675,global,2023-04-28,,,,
2676,global,2023-04-29,,,,
2677,global,2023-04-30,,,,
2678,global,2023-05-01,,,,
2679,global,2023-05-02,,,,
2680,global,2023-05-03,,,,
2681,global,2023-05-04,,,,
2682,global,2023-05-05,,,,
2683,global,2023-05-06,,,,
2684,global,2023-05-07,,,,
2685,global,2023-05-08,,,,
2686,global,2023-05-09,,,,
2687,global,2023-05-10,,,,
2688,global,2023-05-11,,,,
2689,global,2023-05-12,,,,
2690,global,2023-05-13,,,,
2691,global,2023-05-14,,,,
2692,global,2023-05-15,,,,
2693,global,2023-05-16,,,,
2694,global,2023-05-17,,,,
2695,global,2023-05-18,,,,
2696,global,2023-05-19,,,,
2697,global,2023-05-20,,,,
2698,global,2023-05-21,,,,
2699,global,2023-05-22,,,,
2700,global,2023-05-23,,,,
2701,global,2023-05-24,,,,
2702,global,2023-05-25,,,,
2703,global,2023-05-26,,,,
2704,global,2023-05-27,,,,
2705,global,2023-05-28,,,,
2706,global,2023-05-29,,,,
2707,global,2023-05-30,,,,
2708,global,2023-05-31,,,,
2709,global,2023-06-01,,,,
2710,global,2023-06-02,,,,
2711,global,2023-06-03,,,,
2712,global,2023-06-04,,,,
2713,global,2023-06-05,,,,
2714,global,2023-06-06,,,,
2715,global,2023-06-07,,,,
2716,global,2023-06-08,,,,
2717,global,2023-06-09,,,,
2718,global,2023-06-10,,,,
2719,global,2023-06-11,,,,
2720,global,2023-06-12,,,,
2721,global,2023-06-13,,,,
2722,global,2023-06-14,,,,
2723,global,2023-06-15,,,,
2724,global,2023-06-16,,,,
2725,global,2023-06-17,,,,
2726,global,2023-06-18,,,,
2727,global,2023-06-19,,,,
2728,global,2023-06-20,,,,
2729,global,2023-06-21,,,,
2730,global,2023-06-22,,,,
2731,global,2023-06-23,,,,
2732,global,2023-06-24,,,,
2733,global,2023-06-25,,,,
2734,global,2023-06-26,,,,
2735,global,2023-06-27,,,,
2736,global,2023-06-28,,,,
2737,global,2023-06-29,,,,
2738,global,2023-06-30,,,,
2739,global,2023-07-01,,,,
2740,global,2023-07-02,,,,
2741,global,2023-07-03,,,,
2742,global,2023-07-04,,,,
2743,global,2023-07-05,,,,
2744,global,2023-07-06,,,,
2745,global,2023-07-07,,,,
2746,global,2023-07-08,,,,
2747,global,2023-07-09,,,,
2748,global,2023-07-10,,,,
2749,global,2023-07-11,,,,
2750,global,2023-07-12,,,,
2751,global,2023-07-13,,,,
2752,global,2023-07-14,,,,
2753,global,2023-07-15,,,,
2754,global,2023-07-16,,,,
2755,global,2023-07-17,,,,
2756,global,2023-07-18,,,,
2757,global,2023-07-19,,,,
2758,global,2023-07-20,,,,
2759,global,2023-07-21,,,,
2760,global,2023-07-22,,,,
2761,global,2023-07-23,,,,
2762,global,2023-07-24,,,,
2763,global,2023-07-25,,,,
2764,global,2023-07-26,,,,
2765,global,2023-07-27,,,,
2766,global,2023-07-28,,,,
2767,global,2023-07-29,,,,
2768,global,2023-07-30,,,,
2769,global,2023-07-31,,,,
2770,global,2023-08-01,,,,
2771,global,2023-08-02,,,,
2772,global,2023-08-03,,,,
2773,global,2023-08-04,,,,
2774,global,2023-08-05,,,,
2775,global,2023-08-06,,,,
2776,global,2023-08-07,,,,
2777,global,2023-08-08,,,,
2778,global,2023-08-09,,,,
2779,global,2023-08-10,,,,
2780,global,2023-08-11,,,,
2781,global,2023-08-12,,,,
2782,global,2023-08-13,,,,
2783,global,2023-08-14,,,,
2784,global,2023-08-15,,,,
2785,global,2023-08-16,,,,
2786,global,2023-08-17,,,,
2787,global,2023-08-18,,,,
2788,global,2023-08-19,,,,
2789,global,2023-08-20,,,,
2790,global,2023-08-21,,,,
2791,global,2023-08-22,,,,
2792,global,2023-08-23,,,,
2793,global,2023-08-24,,,,
2794,global,2023-08-25,,,,
2795,global,2023-08-26,,,,
2796,global,2023-08-27,,,,
2797,global,2023-08-28,,,,
2798,global,2023-08-29,,,,
2799,global,2023-08-30,,,,
2800,global,2023-08-31,,,,
2801,global,2023-09-01,,,,
2802,global,2023-09-02,,,,
2803,global,2023-09-03,,,,
2804,global,2023-09-04,,,,
2805,global,2023-09-05,,,,
2806,global,2023-09-06,,,,
2807,global,2023-09-07,,,,
2808,global,2023-09-08,,,,
2809,global,2023-09-09,,,,
2810,global,2023-09-10,,,,
2811,global,2023-09-11,,,,
2812,global,2023-09-12,,,,
2813,global,2023-09-13,,,,
2814,global,2023-09-14,,,,
2815,global,2023-09-15,,,,
2816,global,2023-09-16,,,,
2817,global,2023-09-17,,,,
2818,global,2023-09-18,,,,
2819,global,2023-09-19,,,,
2820,global,2023-09-20,,,,
2821,global,2023-09-21,,,,
2822,global,2023-09-22,,,,
2823,global,2023-09-23,,,,
2824,global,2023-09-24,,,,
2825,global,2023-09-25,,,,
2826,global,2023-09-26,,,,
2827,global,2023-09-27,,,,
2828,global,2023-09-28,,,,
2829,global,2023-09-29,,,,
2830,global,2023-09-30,,,,
2831,global,2023-10-01,,,,
2832,global,2023-10-02,,,,
2833,global,2023-10-03,,,,
2834,global,2023-10-04,,,,
2835,global,2023-10-05,,,,
2836,global,2023-10-06,,,,
2837,global,2023-10-07,,,,
2838,global,2023-10-08,,,,
2839,global,2023-10-09,,,,
2840,global,2023-10-10,,,,
2841,global,2023-10-11,,,,
2842,global,2023-10-12,,,,
2843,global,2023-10-13,,,,
2844,global,2023-10-14,,,,
2845,global,2023-10-15,,,,
2846,global,2023-10-16,,,,
2847,global,2023-10-17,,,,
2848,global,2023-10-18,,,,
2849,global,2023-10-19,,,,
2850,global,2023-10-20,,,,
2851,global,2023-10-21,,,,
2852,global,2023-10-22,,,,
2853,global,2023-10-23,,,,
2854,global,2023-10-24,,,,
2855,global,2023-10-25,,,,
2856,global,2023-10-26,,,,
2857,global,2023-10-27,,,,
2858,global,2023-10-28,,,,
2859,global,2023-10-29,,,,
2860,global,2023-10-30,,,,
2861,global,2023-10-31,,,,
2862,global,2023-11-01,,,,
2863,global,2023-11-02,,,,
2864,global,2023-11-03,,,,
2865,global,2023-11-04,,,,
2866,global,2023-11-05,,,,
2867,global,2023-11-06,,,,
2868,global,2023-11-07,,,,
2869,global,2023-11-08,,,,
2870,global,2023-11-09,,,,
2871,global,2023-11-10,,,,
2872,global,2023-11-11,,,,
2873,global,2023-11-12,,,,
2874,global,2023-11-13,,,,
2875,global,2023-11-14,,,,
2876,global,2023-11-15,,,,
2877,global,2023-11-16,,,,
2878,global,2023-11-17,,,,
2879,global,2023-11-18,,,,
2880,global,2023-11-19,,,,
2881,global,2023-11-20,,,,
2882,global,2023-11-21,,,,
2883,global,2023-11-22,,,,
2884,global,2023-11-23,,,,
2885,global,2023-11-24,,,,
2886,global,2023-11-25,,,,
2887,global,2023-11-26,,,,
2888,global,2023-11-27,,,,
2889,global,2023-11-28,,,,
2890,global,2023-11-29,,,,
2891,global,2023-11-30,,,,
2892,global,2023-12-01,,,,
2893,global,2023-12-02,,,,
2894,global,2023-12-03,,,,
2895,global,2023-12-04,,,,
2896,global,2023-12-05,,,,
2897,global,2023-12-06,,,,
2898,global,2023-12-07,,,,
2899,global,2023-12-08,,,,
2900,global,2023-12-09,,,,
2901,global,2023-12-10,,,,
2902,global,2023-12-11,,,,
2903,global,2023-12-12,,,,
2904,global,2023-12-13,,,,
2905,global,2023-12-14,,,,
2906,global,2023-12-15,,,,
2907,global,2023-12-16,,,,
2908,global,2023-12-17,,,,
2909,global,2023-12-18,,,,
2910,global,2023-12-19,,,,
2911,global,2023-12-20,,,,
2912,global,2023-12-21,,,,
2913,global,2023-12-22,,,,
2914,global,2023-12-23,,,,
2915,global,2023-12-24,,,,
2916,global,2023-12-25,,,,
2917,global,2023-12-26,,,,
2918,global,2023-12-27,,,,
2919,global,2023-12-28,,,,
2920,global,2023-12-29,,,,
2921,global,2023-12-30,,,,
2922,global,2023-12-31,,,,
2923,global,2024-01-01,,,,
2924,global,2024-01-02,,,,
2925,global,2024-01-03,,,,
2926,global,2024-01-04,,,,
2927,global,2024-01-05,,,,
2928,global,2024-01-06,,,,
2929,global,2024-01-07,,,,
2930,global,2024-01-08,,,,
2931,global,2024-01-09,,,,
2932,global,2024-01-10,,,,
2933,global,2024-01-11,,,,
2934,global,2024-01-12,,,,
2935,global,2024-01-13,,,,
2936,global,2024-01-14,,,,
2937,global,2024-01-15,,,,
2938,global,2024-01-16,,,,
2939,global,2024-01-17,,,,
2940,global,2024-01-18,,,,
2941,global,2024-01-19,,,,
2942,global,2024-01-20,,,,
2943,global,2024-01-21,,,,
2944,global,2024-01-22,,,,
2945,global,2024-01-23,,,,
2946,global,2024-01-24,,,,
2947,global,2024-01-25,,,,
2948,global,2024-01-26,,,,
2949,global,2024-01-27,,,,
2950,global,2024-01-28,,,,
2951,global,2024-01-29,,,,
2952,global,2024-01-30,,,,
2953,global,2024-01-31,,,,
2954,global,2024-02-01,,,,
2955,global,2024-02-02,,,,
2956,global,2024-02-03,,,,
2957,global,2024-02-04,,,,
2958,global,2024-02-05,,,,
2959,global,2024-02-06,,,,
2960,global,2024-02-07,,,,
2961,global,2024-02-08,,,,
2962,global,2024-02-09,,,,
2963,global,2024-02-10,,,,
2964,global,2024-02-11,,,,
2965,global,2024-02-12,,,,
2966,global,2024-02-13,,,,
2967,global,2024-02-14,,,,
2968,global,2024-02-15,,,,
2969,global,2024-02-16,,,,
2970,global,2024-02-17,,,,
2971,global,2024-02-18,,,,
2972,global,2024-02-19,,,,
2973,global,2024-02-20,,,,
2974,global,2024-02-21,,,,
2975,global,2024-02-22,,,,
2976,global,2024-02-23,,,,
2977,global,2024-02-24,,,,
2978,global,2024-02-25,,,,
2979,global,2024-02-26,,,,
2980,global,2024-02-27,,,,
2981,global,2024-02-28,,,,
2982,global,2024-02-29,,,,
2983,global,2024-03-01,,,,
2984,global,2024-03-02,,,,
2985,global,2024-03-03,,,,
2986,global,2024-03-04,,,,
2987,global,2024-03-05,,,,
2988,global,2024-03-06,,,,
2989,global,2024-03-07,,,,
2990,global,2024-03-08,,,,
2991,global,2024-03-09,,,,
2992,global,2024-03-10,,,,
2993,global,2024-03-11,,,,
2994,global,2024-03-12,,,,
2995,global,2024-03-13,,,,
2996,global,2024-03-14,,,,
2997,global,2024-03-15,,,,
2998,global,2024-03-16,,,,
2999,global,2024-03-17,,,,
3000,global,2024-03-18,,,,
3001,global,2024-03-19,,,,
3002,global,2024-03-20,,,,
3003,global,2024-03-21,,,,
3004,global,2024-03-22,,,,
3005,global,2024-03-23,,,,
3006,global,2024-03-24,,,,
3007,global,2024-03-25,,,,
3008,global,2024-03-26,,,,
3009,global,2024-03-27,,,,
3010,global,2024-03-28,,,,
3011,global,2024-03-29,,,,
3012,global,2024-03-30,,,,
3013,global,2024-03-31,,,,
3014,global,2024-04-01,,,,
3015,global,2024-04-02,,,,
3016,global,2024-04-03,,,,
3017,global,2024-04-04,,,,
3018,global,2024-04-05,,,,
3019,global,2024-04-06,,,,
3020,global,2024-04-07,,,,
3021,global,2024-04-08,,,,
3022,global,2024-04-09,,,,
3023,global,2024-04-10,,,,
3024,global,2024-04-11,,,,
3025,global,2024-04-12,,,,
3026,global,2024-04-13,,,,
3027,global,2024-04-14,,,,
3028,global,2024-04-15,,,,
3029,global,2024-04-16,,,,
3030,global,2024-04-17,,,,
3031,global,2024-04-18,,,,
3032,global,2024-04-19,,,,
3033,global,2024-04-20,,,,
3034,global,2024-04-21,,,,
3035,global,2024-04-22,,,,
3036,global,2024-04-23,,,,
3037,global,2024-04-24,,,,
3038,global,2024-04-25,,,,
3039,global,2024-04-26,,,,
3040,global,2024-04-27,,,,
3041,global,2024-04-28,,,,
3042,global,2024-04-29,,,,
3043,global,2024-04-30,,,,
3044,global,2024-05-01,,,,
3045,global,2024-05-02,,,,
3046,global,2024-05-03,,,,
3047,global,2024-05-04,,,,
3048,global,2024-05-05,,,,
3049,global,2024-05-06,,,,
3050,global,2024-05-07,,,,
3051,global,2024-05-08,,,,
3052,global,2024-05-09,,,,
3053,global,2024-05-10,,,,
3054,global,2024-05-11,,,,
3055,global,2024-05-12,,,,
3056,global,2024-05-13,,,,
3057,global,2024-05-14,,,,
3058,global,2024-05-15,,,,
3059,global,2024-05-16,,,,
3060,global,2024-05-17,,,,
3061,global,2024-05-18,,,,
3062,global,2024-05-19,,,,
3063,global,2024-05-20,,,,
3064,global,2024-05-21,,,,
3065,global,2024-05-22,,,,
3066,global,2024-05-23,,,,
3067,global,2024-05-24,,,,
3068,global,2024-05-25,,,,
3069,global,2024-05-26,,,,
3070,global,2024-05-27,,,,
3071,global,2024-05-28,,,,
3072,global,2024-05-29,,,,
3073,global,2024-05-30,,,,
3074,global,2024-05-31,,,,
3075,global,2024-06-01,,,,
3076,global,2024-06-02,,,,
3077,global,2024-06-03,,,,
3078,global,2024-06-04,,,,
3079,global,2024-06-05,,,,
3080,global,2024-06-06,,,,
3081,global,2024-06-07,,,,
3082,global,2024-06-08,,,,
3083,global,2024-06-09,,,,
3084,global,2024-06-10,,,,
3085,global,2024-06-11,,,,
3086,global,2024-06-12,,,,
3087,global,2024-06-13,,,,
3088,global,2024-06-14,,,,
3089,global,2024-06-15,,,,
3090,global,2024-06-16,,,,
3091,global,2024-06-17,,,,
3092,global,2024-06-18,,,,
3093,global,2024-06-19,,,,
3094,global,2024-06-20,,,,
3095,global,2024-06-21,,,,
3096,global,2024-06-22,,,,
3097,global,2024-06-23,,,,
3098,global,2024-06-24,,,,
3099,global,2024-06-25,,,,
3100,global,2024-06-26,,,,
3101,global,2024-06-27,,,,
3102,global,2024-06-28,,,,
3103,global,2024-06-29,,,,
3104,global,2024-06-30,,,,
3105,global,2024-07-01,,,,
3106,global,2024-07-02,,,,
3107,global,2024-07-03,,,,
3108,global,2024-07-04,,,,
3109,global,2024-07-05,,,,
3110,global,2024-07-06,,,,
3111,global,2024-07-07,,,,
3112,global,2024-07-08,,,,
3113,global,2024-07-09,,,,
3114,global,2024-07-10,,,,
3115,global,2024-07-11,,,,
3116,global,2024-07-12,,,,
3117,global,2024-07-13,,,,
3118,global,2024-07-14,,,,
3119,global,2024-07-15,,,,
3120,global,2024-07-16,,,,
3121,global,2024-07-17,,,,
3122,global,2024-07-18,,,,
3123,global,2024-07-19,,,,
3124,global,2024-07-20,,,,
3125,global,2024-07-21,,,,
3126,global,2024-07-22,,,,
3127,global,2024-07-23,,,,
3128,global,2024-07-24,,,,
3129,global,2024-07-25,,,,
3130,global,2024-07-26,,,,
3131,global,2024-07-27,,,,
3132,global,2024-07-28,,,,
3133,global,2024-07-29,,,,
3134,global,2024-07-30,,,,
3135,global,2024-07-31,,,,
3136,global,2024-08-01,,,,
3137,global,2024-08-02,,,,
3138,global,2024-08-03,,,,
3139,global,2024-08-04,,,,
3140,global,2024-08-05,,,,
3141,global,2024-08-06,,,,
3142,global,2024-08-07,,,,
3143,global,2024-08-08,,,,
3144,global,2024-08-09,,,,
3145,global,2024-08-10,,,,
3146,global,2024-08-11,,,,
3147,global,2024-08-12,,,,
3148,global,2024-08-13,,,,
3149,global,2024-08-14,,,,
3150,global,2024-08-15,,,,
3151,global,2024-08-16,,,,
3152,global,2024-08-17,,,,
3153,global,2024-08-18,,,,
3154,global,2024-08-19,,,,
3155,global,2024-08-20,,,,
3156,global,2024-08-21,,,,
3157,global,2024-08-22,,,,
3158,global,2024-08-23,,,,
3159,global,2024-08-24,,,,
3160,global,2024-08-25,,,,
3161,global,2024-08-26,,,,
3162,global,2024-08-27,,,,
3163,global,2024-08-28,,,,
3164,global,2024-08-29,,,,
3165,global,2024-08-30,,,,
3166,global,2024-08-31,,,,
3167,global,2024-09-01,,,,
3168,global,2024-09-02,,,,
3169,global,2024-09-03,,,,
3170,global,2024-09-04,,,,
3171,global,2024-09-05,,,,
3172,global,2024-09-06,,,,
3173,global,2024-09-07,,,,
3174,global,2024-09-08,,,,
3175,global,2024-09-09,,,,
3176,global,2024-09-10,,,,
3177,global,2024-09-11,,,,
3178,global,2024-09-12,,,,
3179,global,2024-09-13,,,,
3180,global,2024-09-14,,,,
3181,global,2024-09-15,,,,
3182,global,2024-09-16,,,,
3183,global,2024-09-17,,,,
3184,global,2024-09-18,,,,
3185,global,2024-09-19,,,,
3186,global,2024-09-20,,,,
3187,global,2024-09-21,,,,
3188,global,2024-09-22,,,,
3189,global,2024-09-23,,,,
3190,global,2024-09-24,,,,
3191,global,2024-09-25,,,,
3192,global,2024-09-26,,,,
3193,global,2024-09-27,,,,
3194,global,2024-09-28,,,,
3195,global,2024-09-29,,,,
3196,global,2024-09-30,,,,
3197,global,2024-10-01,,,,
3198,global,2024-10-02,,,,
3199,global,2024-10-03,,,,
3200,global,2024-10-04,,,,
3201,global,2024-10-05,,,,
3202,global,2024-10-06,,,,
3203,global,2024-10-07,,,,
3204,global,2024-10-08,,,,
3205,global,2024-10-09,,,,
3206,global,2024-10-10,,,,
3207,global,2024-10-11,,,,
3208,global,2024-10-12,,,,
3209,global,2024-10-13,,,,
3210,global,2024-10-14,,,,
3211,global,2024-10-15,,,,
3212,global,2024-10-16,,,,
3213,global,2024-10-17,,,,
3214,global,2024-10-18,,,,
3215,global,2024-10-19,,,,
3216,global,2024-10-20,,,,
3217,global,2024-10-21,,,,
3218,global,2024-10-22,,,,
3219,global,2024-10-23,,,,
3220,global,2024-10-24,,,,
3221,global,2024-10-25,,,,
3222,global,2024-10-26,,,,
3223,global,2024-10-27,,,,
3224,global,2024-10-28,,,,
3225,global,2024-10-29,,,,
3226,global,2024-10-30,,,,
3227,global,2024-10-31,,,,
3228,global,2024-11-01,,,,
3229,global,2024-11-02,,,,
3230,global,2024-11-03,,,,
3231,global,2024-11-04,,,,
3232,global,2024-11-05,,,,
3233,global,2024-11-06,,,,
3234,global,2024-11-07,,,,
3235,global,2024-11-08,,,,
3236,global,2024-11-09,,,,
3237,global,2024-11-10,,,,
3238,global,2024-11-11,,,,
3239,global,2024-11-12,,,,
3240,global,2024-11-13,,,,
3241,global,2024-11-14,,,,
3242,global,2024-11-15,,,,
3243,global,2024-11-16,,,,
3244,global,2024-11-17,,,,
3245,global,2024-11-18,,,,
3246,global,2024-11-19,,,,
3247,global,2024-11-20,,,,
3248,global,2024-11-21,,,,
3249,global,2024-11-22,,,,
3250,global,2024-11-23,,,,
3251,global,2024-11-24,,,,
3252,global,2024-11-25,,,,
3253,global,2024-11-26,,,,
3254,global,2024-11-27,,,,
3255,global,2024-11-28,,,,
3256,global,2024-11-29,,,,
3257,global,2024-11-30,,,,
3258,global,2024-12-01,,,,
3259,global,2024-12-02,,,,
3260,global,2024-12-03,,,,
3261,global,2024-12-04,,,,
3262,global,2024-12-05,,,,
3263,global,2024-12-06,,,,
3264,global,2024-12-07,,,,
3265,global,2024-12-08,,,,
3266,global,2024-12-09,,,,
3267,global,2024-12-10,,,,
3268,global,2024-12-11,,,,
3269,global,2024-12-12,,,,
3270,global,2024-12-13,,,,
3271,global,2024-12-14,,,,
3272,global,2024-12-15,,,,
3273,global,2024-12-16,,,,
3274,global,2024-12-17,,,,
3275,global,2024-12-18,,,,
3276,global,2024-12-19,,,,
3277,global,2024-12-20,,,,
3278,global,2024-12-21,,,,
3279,global,2024-12-22,,,,
3280,global,2024-12-23,,,,
3281,global,2024-12-24,,,,
3282,global,2024-12-25,,,,
3283,global,2024-12-26,,,,
3284,global,2024-12-27,,,,
3285,global,2024-12-28,,,,
3286,global,2024-12-29,,,,
3287,global,2024-12-30,,,,
3288,global,2024-12-31,,,,
3289,global,2025-01-01,,,,
3290,global,2025-01-02,,,,
3291,global,2025-01-03,,,,
3292,global,2025-01-04,,,,
3293,global,2025-01-05,,,,
3294,global,2025-01-06,,,,
3295,global,2025-01-07,,,,
3296,global,2025-01-08,,,,
3297,global,2025-01-09,,,,
3298,global,2025-01-10,,,,
3299,global,2025-01-11,,,,
3300,global,2025-01-12,,,,
3301,global,2025-01-13,,,,
3302,global,2025-01-14,,,,
3303,global,2025-01-15,,,,
3304,global,2025-01-16,,,,
3305,global,2025-01-17,,,,
3306,global,2025-01-18,,,,
3307,global,2025-01-19,,,,
3308,global,2025-01-20,,,,
3309,global,2025-01-21,,,,
3310,global,2025-01-22,,,,
3311,global,2025-01-23,,,,
3312,global,2025-01-24,,,,
3313,global,2025-01-25,,,,
3314,global,2025-01-26,,,,
3315,global,2025-01-27,,,,
3316,global,2025-01-28,,,,
3317,global,2025-01-29,,,,
3318,global,2025-01-30,,,,
3319,global,2025-01-31,,,,
3320,global,2025-02-01,,,,
3321,global,2025-02-02,,,,
3322,global,2025-02-03,,,,
3323,global,2025-02-04,,,,
3324,global,2025-02-05,,,,
3325,global,2025-02-06,,,,
3326,global,2025-02-07,,,,
3327,global,2025-02-08,,,,
3328,global,2025-02-09,,,,
3329,global,2025-02-10,,,,
3330,global,2025-02-11,,,,
3331,global,2025-02-12,,,,
3332,global,2025-02-13,,,,
3333,global,2025-02-14,,,,
3334,global,2025-02-15,,,,
3335,global,2025-02-16,,,,
3336,global,2025-02-17,,,,
3337,global,2025-02-18,,,,
3338,global,2025-02-19,,,,
3339,global,2025-02-20,,,,
3340,global,2025-02-21,,,,
3341,global,2025-02-22,,,,
3342,global,2025-02-23,,,,
3343,global,2025-02-24,,,,
3344,global,2025-02-25,,,,
3345,global,2025-02-26,,,,
3346,global,2025-02-27,,,,
3347,global,2025-02-28,,,,
3348,global,2025-03-01,,,,
3349,global,2025-03-02,,,,
3350,global,2025-03-03,,,,
3351,global,2025-03-04,,,,
3352,global,2025-03-05,,,,
3353,global,2025-03-06,,,,
3354,global,2025-03-07,,,,
3355,global,2025-03-08,,,,
3356,global,2025-03-09,,,,
3357,global,2025-03-10,,,,
3358,global,2025-03-11,,,,
3359,global,2025-03-12,,,,
3360,global,2025-03-13,,,,
3361,global,2025-03-14,,,,
3362,global,2025-03-15,,,,
3363,global,2025-03-16,,,,
3364,global,2025-03-17,,,,
3365,global,2025-03-18,,,,
3366,global,2025-03-19,,,,
3367,global,2025-03-20,,,,
3368,global,2025-03-21,,,,
3369,global,2025-03-22,,,,
3370,global,2025-03-23,,,,
3371,global,2025-03-24,,,,
3372,global,2025-03-25,,,,
3373,global,2025-03-26,,,,
3374,global,2025-03-27,,,,
3375,global,2025-03-28,,,,
3376,global,2025-03-29,,,,
3377,global,2025-03-30,,,,
3378,global,2025-03-31,,,,
3379,global,2025-04-01,,,,
3380,global,2025-04-02,,,,
3381,global,2025-04-03,,,,
3382,global,2025-04-04,,,,
3383,global,2025-04-05,,,,
3384,global,2025-04-06,,,,
3385,global,2025-04-07,,,,
3386,global,2025-04-08,,,,
3387,global,2025-04-09,,,,
3388,global,2025-04-10,,,,
3389,global,2025-04-11,,,,
3390,global,2025-04-12,,,,
3391,global,2025-04-13,,,,
3392,global,2025-04-14,,,,
3393,global,2025-04-15,,,,
3394,global,2025-04-16,,,,
3395,global,2025-04-17,,,,
3396,global,2025-04-18,,,,
3397,global,2025-04-19,,,,
3398,global,2025-04-20,,,,
3399,global,2025-04-21,,,,
3400,global,2025-04-22,,,,
3401,global,2025-04-23,,,,
3402,global,2025-04-24,,,,
3403,global,2025-04-25,,,,
3404,global,2025-04-26,,,,
3405,global,2025-04-27,,,,
3406,global,2025-04-28,,,,
3407,global,2025-04-29,,,,
3408,global,2025-04-30,,,,
3409,global,2025-05-01,,,,
3410,global,2025-05-02,,,,
3411,global,2025-05-03,,,,
3412,global,2025-05-04,,,,
3413,global,2025-05-05,,,,
3414,global,2025-05-06,,,,
3415,global,2025-05-07,,,,
3416,global,2025-05-08,,,,
3417,global,2025-05-09,,,,
3418,global,2025-05-10,,,,
3419,global,2025-05-11,,,,
3420,global,2025-05-12,,,,
3421,global,2025-05-13,,,,
3422,global,2025-05-14,,,,
3423,global,2025-05-15,,,,
3424,global,2025-05-16,,,,
3425,global,2025-05-17,,,,
3426,global,2025-05-18,,,,
3427,global,2025-05-19,,,,
3428,global,2025-05-20,,,,
3429,global,2025-05-21,,,,
3430,global,2025-05-22,,,,
3431,global,2025-05-23,,,,
3432,global,2025-05-24,,,,
3433,global,2025-05-25,,,,
3434,global,2025-05-26,,,,
3435,global,2025-05-27,,,,
3436,global,2025-05-28,,,,
3437,global,2025-05-29,,,,
3438,global,2025-05-30,,,,
3439,global,2025-05-31,,,,
3440,global,2025-06-01,,,,
3441,global,2025-06-02,,,,
3442,global,2025-06-03,,,,
3443,global,2025-06-04,,,,
3444,global,2025-06-05,,,,
3445,global,2025-06-06,,,,
3446,global,2025-06-07,,,,
3447,global,2025-06-08,,,,
3448,global,2025-06-09,,,,
3449,global,2025-06-10,,,,
3450,global,2025-06-11,,,,
3451,global,2025-06-12,,,,
3452,global,2025-06-13,,,,
3453,global,2025-06-14,,,,
3454,global,2025-06-15,,,,
3455,global,2025-06-16,,,,
3456,global,2025-06-17,,,,
3457,global,2025-06-18,,,,
3458,global,2025-06-19,,,,
3459,global,2025-06-20,,,,
3460,global,2025-06-21,,,,
3461,global,2025-06-22,,,,
3462,global,2025-06-23,,,,
3463,global,2025-06-24,,,,
3464,global,2025-06-25,,,,
3465,global,2025-06-26,,,,
3466,global,2025-06-27,,,,
3467,global,2025-06-28,,,,
3468,global,2025-06-29,,,,
3469,global,2025-06-30,,,,
3470,global,2025-07-01,,,,
3471,global,2025-07-02,,,,
3472,global,2025-07-03,,,,
3473,global,2025-07-04,,,,
3474,global,2025-07-05,,,,
3475,global,2025-07-06,,,,
3476,global,2025-07-07,,,,
3477,global,2025-07-08,,,,
3478,global,2025-07-09,,,,
3479,global,2025-07-10,,,,
3480,global,2025-07-11,,,,
3481,global,2025-07-12,,,,
3482,global,2025-07-13,,,,
3483,global,2025-07-14,,,,
3484,global,2025-07-15,,,,
3485,global,2025-07-16,,,,
3486,global,2025-07-17,,,,
3487,global,2025-07-18,,,,
3488,global,2025-07-19,,,,
3489,global,2025-07-20,,,,
3490,global,2025-07-21,,,,
3491,global,2025-07-22,,,,
3492,global,2025-07-23,,,,
3493,global,2025-07-24,,,,
3494,global,2025-07-25,,,,
3495,global,2025-07-26,,,,
3496,global,2025-07-27,,,,
3497,global,2025-07-28,,,,
3498,global,2025-07-29,,,,
3499,global,2025-07-30,,,,
3500,global,2025-07-31,,,,
3501,global,2025-08-01,,,,
3502,global,2025-08-02,,,,
3503,global,2025-08-03,,,,
3504,global,2025-08-04,,,,
3505,global,2025-08-05,,,,
3506,global,2025-08-06,,,,
3507,global,2025-08-07,,,,
3508,global,2025-08-08,,,,
3509,global,2025-08-09,,,,
3510,global,2025-08-10,,,,
3511,global,2025-08-11,,,,
3512,global,2025-08-12,,,,
3513,global,2025-08-13,,,,
3514,global,2025-08-14,,,,
3515,global,2025-08-15,,,,
3516,global,2025-08-16,,,,
3517,global,2025-08-17,,,,
3518,global,2025-08-18,,,,
3519,global,2025-08-19,,,,
3520,global,2025-08-20,,,,
3521,global,2025-08-21,,,,
3522,global,2025-08-22,,,,
3523,global,2025-08-23,,,,
3524,global,2025-08-24,,,,
3525,global,2025-08-25,,,,
3526,global,2025-08-26,,,,
3527,global,2025-08-27,,,,
3528,global,2025-08-28,,,,
3529,global,2025-08-29,,,,
3530,global,2025-08-30,,,,
3531,global,2025-08-31,,,,
3532,global,2025-09-01,,,,
3533,global,2025-09-02,,,,
3534,global,2025-09-03,,,,
3535,global,2025-09-04,,,,
3536,global,2025-09-05,,,,
3537,global,2025-09-06,,,,
3538,global,2025-09-07,,,,
3539,global,2025-09-08,,,,
3540,global,2025-09-09,,,,
3541,global,2025-09-10,,,,
3542,global,2025-09-11,,,,
3543,global,2025-09-12,,,,
3544,global,2025-09-13,,,,
3545,global,2025-09-14,,,,
3546,global,2025-09-15,,,,
3547,global,2025-09-16,,,,
3548,global,2025-09-17,,,,
3549,global,2025-09-18,,,,
3550,global,2025-09-19,,,,
3551,global,2025-09-20,,,,
3552,global,2025-09-21,,,,
3553,global,2025-09-22,,,,
3554,global,2025-09-23,,,,
3555,global,2025-09-24,,,,
3556,global,2025-09-25,,,,
3557,global,2025-09-26,,,,
3558,global,2025-09-27,,,,
3559,global,2025-09-28,,,,
3560,global,2025-09-29,,,,
3561,global,2025-09-30,,,,
3562,global,2025-10-01,,,,
3563,global,2025-10-02,,,,
3564,global,2025-10-03,,,,
3565,global,2025-10-04,,,,
3566,global,2025-10-05,,,,
3567,global,2025-10-06,,,,
3568,global,2025-10-07,,,,
3569,global,2025-10-08,,,,
3570,global,2025-10-09,,,,
3571,global,2025-10-10,,,,
3572,global,2025-10-11,,,,
3573,global,2025-10-12,,,,
3574,global,2025-10-13,,,,
3575,global,2025-10-14,,,,
3576,global,2025-10-15,,,,
3577,global,2025-10-16,,,,
3578,global,2025-10-17,,,,
3579,global,2025-10-18,,,,
3580,global,2025-10-19,,,,
3581,global,2025-10-20,,,,
3582,global,2025-10-21,,,,
3583,global,2025-10-22,,,,
3584,global,2025-10-23,,,,
3585,global,2025-10-24,,,,
3586,global,2025-10-25,,,,
3587,global,2025-10-26,,,,
3588,global,2025-10-27,,,,
3589,global,2025-10-28,,,,
3590,global,2025-10-29,,,,
3591,global,2025-10-30,,,,
3592,global,2025-10-31,,,,
3593,global,2025-11-01,,,,
3594,global,2025-11-02,,,,
3595,global,2025-11-03,,,,
3596,global,2025-11-04,,,,
3597,global,2025-11-05,,,,
3598,global,2025-11-06,,,,
3599,global,2025-11-07,,,,
3600,global,2025-11-08,,,,
3601,global,2025-11-09,,,,
3602,global,2025-11-10,,,,
3603,global,2025-11-11,,,,
3604,global,2025-11-12,,,,
3605,global,2025-11-13,,,,
3606,global,2025-11-14,,,,
3607,global,2025-11-15,,,,
3608,global,2025-11-16,,,,
3609,global,2025-11-17,,,,
3610,global,2025-11-18,,,,
3611,global,2025-11-19,,,,
3612,global,2025-11-20,,,,
3613,global,2025-11-21,,,,
3614,global,2025-11-22,,,,
3615,global,2025-11-23,,,,
3616,global,2025-11-24,,,,
3617,global,2025-11-25,,,,
3618,global,2025-11-26,,,,
3619,global,2025-11-27,,,,
3620,global,2025-11-28,,,,
3621,global,2025-11-29,,,,
3622,global,2025-11-30,,,,
3623,global,2025-12-01,,,,
3624,global,2025-12-02,,,,
3625,global,2025-12-03,,,,
3626,global,2025-12-04,,,,
3627,global,2025-12-05,,,,
3628,global,2025-12-06,,,,
3629,global,2025-12-07,,,,
3630,global,2025-12-08,,,,
3631,global,2025-12-09,,,,
3632,global,2025-12-10,,,,
3633,global,2025-12-11,,,,
3634,global,2025-12-12,,,,
3635,global,2025-12-13,,,,
3636,global,2025-12-14,,,,
3637,global,2025-12-15,,,,
3638,global,2025-12-16,,,,
3639,global,2025-12-17,,,,
3640,global,2025-12-18,,,,
3641,global,2025-12-19,,,,
3642,global,2025-12-20,,,,
3643,global,2025-12-21,,,,
3644,global,2025-12-22,,,,
3645,global,2025-12-23,,,,
3646,global,2025-12-24,,,,
3647,global,2025-12-25,,,,
3648,global,2025-12-26,,,,
3649,global,2025-12-27,,,,
3650,global,2025-12-28,,,,
3651,global,2025-12-29,,,,
3652,global,2025-12-30,,,,
3653,global,2025-12-31,,,,
3654,global,2026-01-01,,,,
3655,global,2026-01-02,,,,
3656,global,2026-01-03,,,,
3657,global,2026-01-04,,,,
3658,global,2026-01-05,,,,
3659,global,2026-01-06,,,,
3660,global,2026-01-07,,,,
3661,global,2026-01-08,,,,
3662,global,2026-01-09,,,,
3663,global,2026-01-10,,,,
3664,global,2026-01-11,,,,
3665,global,2026-01-12,,,,
3666,global,2026-01-13,,,,
3667,global,2026-01-14,,,,
3668,global,2026-01-15,,,,
3669,global,2026-01-16,,,,
3670,global,2026-01-17,,,,
3671,global,2026-01-18,,,,
3672,global,2026-01-19,,,,
3673,global,2026-01-20,,,,
3674,global,2026-01-21,,,,
3675,global,2026-01-22,,,,
3676,global,2026-01-23,,,,
3677,global,2026-01-24,,,,
3678,global,2026-01-25,,,,
3679,global,2026-01-26,,,,
3680,global,2026-01-27,,,,
3681,global,2026-01-28,,,,
3682,global,2026-01-29,,,,
3683,global,2026-01-30,,,,
3684,global,2026-01-31,,,,
3685,global,2026-02-01,,,,
3686,global,2026-02-02,,,,
3687,global,2026-02-03,,,,
3688,global,2026-02-04,,,,
3689,global,2026-02-05,,,,
3690,global,2026-02-06,,,,
3691,global,2026-02-07,,,,
3692,global,2026-02-08,,,,
3693,global,2026-02-09,,,,
3694,global,2026-02-10,,,,
3695,global,2026-02-11,,,,
3696,global,2026-02-12,,,,
3697,global,2026-02-13,,,,
3698,global,2026-02-14,,,,
3699,global,2026-02-15,,,,
3700,global,2026-02-16,,,,
3701,global,2026-02-17,,,,
3702,global,2026-02-18,,,,
3703,global,2026-02-19,,,,
3704,global,2026-02-20,,,,
3705,global,2026-02-21,,,,
3706,global,2026-02-22,,,,
3707,global,2026-02-23,,,,
3708,global,2026-02-24,,,,
3709,global,2026-02-25,,,,
3710,global,2026-02-26,,,,
3711,global,2026-02-27,,,,
3712,global,2026-02-28,,,,
3713,global,2026-03-01,,,,
3714,global,2026-03-02,,,,
3715,global,2026-03-03,,,,
3716,global,2026-03-04,,,,
3717,global,2026-03-05,,,,
3718,global,2026-03-06,,,,
3719,global,2026-03-07,,,,
3720,global,2026-03-08,,,,
3721,global,2026-03-09,,,,
3722,global,2026-03-10,,,,
3723,global,2026-03-11,,,,
3724,global,2026-03-12,,,,
3725,global,2026-03-13,,,,
3726,global,2026-03-14,,,,
3727,global,2026-03-15,,,,
3728,global,2026-03-16,,,,
3729,global,2026-03-17,,,,
3730,global,2026-03-18,,,,
3731,global,2026-03-19,,,,
3732,global,2026-03-20,,,,
3733,global,2026-03-21,,,,
3734,global,2026-03-22,,,,
3735,global,2026-03-23,,,,
3736,global,2026-03-24,,,,
3737,global,2026-03-25,,,,
3738,global,2026-03-26,,,,
3739,global,2026-03-27,,,,
