country,usdegp_rate,date,usdegp_exchange_rate
egypt,usdegp,31/12/2025,47.6712
egypt,usdegp,30/12/2025,47.6793
egypt,usdegp,29/12/2025,47.7136
egypt,usdegp,28/12/2025,47.6577
egypt,usdegp,25/12/2025,47.5998
egypt,usdegp,24/12/2025,47.5898
egypt,usdegp,23/12/2025,47.5343
egypt,usdegp,22/12/2025,47.473
egypt,usdegp,21/12/2025,47.5443
egypt,usdegp,18/12/2025,47.5856
egypt,usdegp,17/12/2025,47.5934
egypt,usdegp,16/12/2025,47.4184
egypt,usdegp,15/12/2025,47.4651
egypt,usdegp,14/12/2025,47.4847
egypt,usdegp,11/12/2025,47.5339
egypt,usdegp,10/12/2025,47.6296
egypt,usdegp,09/12/2025,47.6076
egypt,usdegp,08/12/2025,47.5378
egypt,usdegp,07/12/2025,47.4963
egypt,usdegp,04/12/2025,47.5658
egypt,usdegp,03/12/2025,47.5933
egypt,usdegp,02/12/2025,47.5144
egypt,usdegp,01/12/2025,47.5318
egypt,usdegp,30/11/2025,47.5789
egypt,usdegp,27/11/2025,47.6488
egypt,usdegp,26/11/2025,47.7108
egypt,usdegp,25/11/2025,47.8253
egypt,usdegp,24/11/2025,47.7637
egypt,usdegp,23/11/2025,47.6284
egypt,usdegp,20/11/2025,47.4543
egypt,usdegp,19/11/2025,47.3974
egypt,usdegp,18/11/2025,47.1762
egypt,usdegp,17/11/2025,47.0579
egypt,usdegp,16/11/2025,47.1418
egypt,usdegp,13/11/2025,47.1813
egypt,usdegp,12/11/2025,47.2267
egypt,usdegp,11/11/2025,47.2175
egypt,usdegp,10/11/2025,47.2641
egypt,usdegp,09/11/2025,47.3394
egypt,usdegp,06/11/2025,47.3508
egypt,usdegp,05/11/2025,47.4119
egypt,usdegp,04/11/2025,47.3744
egypt,usdegp,03/11/2025,47.2502
egypt,usdegp,02/11/2025,47.233
egypt,usdegp,30/10/2025,47.2191
egypt,usdegp,29/10/2025,47.301
egypt,usdegp,28/10/2025,47.36
egypt,usdegp,27/10/2025,47.435
egypt,usdegp,26/10/2025,47.52
egypt,usdegp,23/10/2025,47.5911
egypt,usdegp,22/10/2025,47.5569
egypt,usdegp,21/10/2025,47.5584
egypt,usdegp,20/10/2025,47.4952
egypt,usdegp,19/10/2025,47.5617
egypt,usdegp,16/10/2025,47.5815
egypt,usdegp,15/10/2025,47.6434
egypt,usdegp,14/10/2025,47.7141
egypt,usdegp,13/10/2025,47.7041
egypt,usdegp,12/10/2025,47.8849
egypt,usdegp,08/10/2025,47.5542
egypt,usdegp,07/10/2025,47.5571
egypt,usdegp,06/10/2025,47.6144
egypt,usdegp,05/10/2025,47.6321
egypt,usdegp,02/10/2025,47.7621
egypt,usdegp,01/10/2025,47.8595
egypt,usdegp,30/09/2025,47.8744
egypt,usdegp,29/09/2025,48.0474
egypt,usdegp,28/09/2025,48.1533
egypt,usdegp,25/09/2025,48.1229
egypt,usdegp,24/09/2025,48.1628
egypt,usdegp,23/09/2025,48.2059
egypt,usdegp,22/09/2025,48.2119
egypt,usdegp,21/09/2025,48.2289
egypt,usdegp,18/09/2025,48.1983
egypt,usdegp,17/09/2025,48.1576
egypt,usdegp,16/09/2025,48.1113
egypt,usdegp,15/09/2025,48.1794
egypt,usdegp,14/09/2025,48.2115
egypt,usdegp,11/09/2025,48.2013
egypt,usdegp,10/09/2025,48.1405
egypt,usdegp,09/09/2025,48
egypt,usdegp,08/09/2025,48.224
egypt,usdegp,07/09/2025,48.4927
egypt,usdegp,03/09/2025,48.5866
egypt,usdegp,02/09/2025,48.5264
egypt,usdegp,01/09/2025,48.5587
egypt,usdegp,31/08/2025,48.587
egypt,usdegp,28/08/2025,48.5963
egypt,usdegp,27/08/2025,48.6459
egypt,usdegp,26/08/2025,48.595
egypt,usdegp,25/08/2025,48.5092
egypt,usdegp,24/08/2025,48.4061
egypt,usdegp,21/08/2025,48.5054
egypt,usdegp,20/08/2025,48.6101
egypt,usdegp,19/08/2025,48.4565
egypt,usdegp,18/08/2025,48.3653
egypt,usdegp,17/08/2025,48.3134
egypt,usdegp,14/08/2025,48.3001
egypt,usdegp,13/08/2025,48.3173
egypt,usdegp,12/08/2025,48.4353
egypt,usdegp,11/08/2025,48.4953
egypt,usdegp,10/08/2025,48.4968
egypt,usdegp,07/08/2025,48.5576
egypt,usdegp,06/08/2025,48.4574
egypt,usdegp,05/08/2025,48.4239
egypt,usdegp,04/08/2025,48.446
egypt,usdegp,03/08/2025,48.6412
egypt,usdegp,31/07/2025,48.6766
egypt,usdegp,30/07/2025,48.7112
egypt,usdegp,29/07/2025,48.6598
egypt,usdegp,28/07/2025,48.7733
egypt,usdegp,27/07/2025,48.8748
egypt,usdegp,23/07/2025,49.0855
egypt,usdegp,22/07/2025,49.0755
egypt,usdegp,21/07/2025,49.2428
egypt,usdegp,20/07/2025,49.3556
egypt,usdegp,17/07/2025,49.4278
egypt,usdegp,16/07/2025,49.4275
egypt,usdegp,15/07/2025,49.4096
egypt,usdegp,14/07/2025,49.4648
egypt,usdegp,13/07/2025,49.4931
egypt,usdegp,10/07/2025,49.5155
egypt,usdegp,09/07/2025,49.6076
egypt,usdegp,08/07/2025,49.6879
egypt,usdegp,07/07/2025,49.6729
egypt,usdegp,06/07/2025,49.3386
egypt,usdegp,02/07/2025,49.3425
egypt,usdegp,01/07/2025,49.4496
egypt,usdegp,30/06/2025,49.5971
egypt,usdegp,29/06/2025,49.6926
egypt,usdegp,25/06/2025,49.9063
egypt,usdegp,24/06/2025,50.0474
egypt,usdegp,23/06/2025,50.6892
egypt,usdegp,22/06/2025,50.8038
egypt,usdegp,19/06/2025,50.6651
egypt,usdegp,18/06/2025,50.545
egypt,usdegp,17/06/2025,50.1459
egypt,usdegp,16/06/2025,50.273
egypt,usdegp,15/06/2025,50.6209
egypt,usdegp,12/06/2025,49.7822
egypt,usdegp,11/06/2025,49.4933
egypt,usdegp,10/06/2025,49.5168
egypt,usdegp,04/06/2025,49.6417
egypt,usdegp,03/06/2025,49.6847
egypt,usdegp,02/06/2025,49.6876
egypt,usdegp,01/06/2025,49.7
egypt,usdegp,29/05/2025,49.7448
egypt,usdegp,28/05/2025,49.8027
egypt,usdegp,27/05/2025,49.7948
egypt,usdegp,26/05/2025,49.8295
egypt,usdegp,25/05/2025,49.8992
egypt,usdegp,22/05/2025,49.9017
egypt,usdegp,21/05/2025,49.8609
egypt,usdegp,20/05/2025,49.8934
egypt,usdegp,19/05/2025,50.0529
egypt,usdegp,18/05/2025,50.1083
egypt,usdegp,15/05/2025,50.1482
egypt,usdegp,14/05/2025,50.3898
egypt,usdegp,13/05/2025,50.4409
egypt,usdegp,12/05/2025,50.5047
egypt,usdegp,11/05/2025,50.6057
egypt,usdegp,08/05/2025,50.6235
egypt,usdegp,07/05/2025,50.6419
egypt,usdegp,06/05/2025,50.6665
egypt,usdegp,05/05/2025,50.6802
egypt,usdegp,04/05/2025,50.7156
egypt,usdegp,30/04/2025,50.8104
egypt,usdegp,29/04/2025,50.8076
egypt,usdegp,28/04/2025,50.8125
egypt,usdegp,27/04/2025,50.934
egypt,usdegp,23/04/2025,50.9475
egypt,usdegp,22/04/2025,51.034
egypt,usdegp,17/04/2025,51.1225
egypt,usdegp,16/04/2025,51.1049
egypt,usdegp,15/04/2025,50.9935
egypt,usdegp,14/04/2025,50.9992
egypt,usdegp,13/04/2025,51.2363
egypt,usdegp,10/04/2025,51.3424
egypt,usdegp,09/04/2025,51.6825
egypt,usdegp,08/04/2025,51.263
egypt,usdegp,07/04/2025,51.4005
egypt,usdegp,06/04/2025,51.1254
egypt,usdegp,03/04/2025,50.5983
egypt,usdegp,27/03/2025,50.5844
egypt,usdegp,26/03/2025,50.5526
egypt,usdegp,25/03/2025,50.5809
egypt,usdegp,24/03/2025,50.6109
egypt,usdegp,23/03/2025,50.6549
egypt,usdegp,20/03/2025,50.5644
egypt,usdegp,19/03/2025,50.6426
egypt,usdegp,18/03/2025,50.4807
egypt,usdegp,17/03/2025,50.5121
egypt,usdegp,16/03/2025,50.5901
egypt,usdegp,13/03/2025,50.6516
egypt,usdegp,12/03/2025,50.6878
egypt,usdegp,11/03/2025,50.609
egypt,usdegp,10/03/2025,50.6059
egypt,usdegp,09/03/2025,50.6405
egypt,usdegp,06/03/2025,50.7095
egypt,usdegp,05/03/2025,50.6847
egypt,usdegp,04/03/2025,50.6496
egypt,usdegp,03/03/2025,50.6563
egypt,usdegp,02/03/2025,50.6556
egypt,usdegp,27/02/2025,50.6616
egypt,usdegp,26/02/2025,50.594
egypt,usdegp,25/02/2025,50.5965
egypt,usdegp,24/02/2025,50.6219
egypt,usdegp,23/02/2025,50.5742
egypt,usdegp,20/02/2025,50.5669
egypt,usdegp,19/02/2025,50.6071
egypt,usdegp,18/02/2025,50.6592
egypt,usdegp,17/02/2025,50.6132
egypt,usdegp,16/02/2025,50.6285
egypt,usdegp,13/02/2025,50.6489
egypt,usdegp,12/02/2025,50.6281
egypt,usdegp,11/02/2025,50.4637
egypt,usdegp,10/02/2025,50.2914
egypt,usdegp,09/02/2025,50.2764
egypt,usdegp,06/02/2025,50.3
egypt,usdegp,05/02/2025,50.3193
egypt,usdegp,04/02/2025,50.3086
egypt,usdegp,03/02/2025,50.346
egypt,usdegp,02/02/2025,50.2294
egypt,usdegp,30/01/2025,50.239
egypt,usdegp,29/01/2025,50.2357
egypt,usdegp,28/01/2025,50.1988
egypt,usdegp,27/01/2025,50.2529
egypt,usdegp,26/01/2025,50.2542
egypt,usdegp,23/01/2025,50.2889
egypt,usdegp,22/01/2025,50.3225
egypt,usdegp,21/01/2025,50.2865
egypt,usdegp,20/01/2025,50.3088
egypt,usdegp,19/01/2025,50.3543
egypt,usdegp,16/01/2025,50.3755
egypt,usdegp,15/01/2025,50.4378
egypt,usdegp,14/01/2025,50.4577
egypt,usdegp,13/01/2025,50.5142
egypt,usdegp,12/01/2025,50.5702
egypt,usdegp,09/01/2025,50.5741
egypt,usdegp,08/01/2025,50.6008
egypt,usdegp,06/01/2025,50.6594
egypt,usdegp,05/01/2025,50.6956
egypt,usdegp,02/01/2025,50.772
egypt,usdegp,31/12/2024,50.8388
egypt,usdegp,30/12/2024,50.8415
egypt,usdegp,29/12/2024,50.855
egypt,usdegp,26/12/2024,50.8838
egypt,usdegp,25/12/2024,50.9162
egypt,usdegp,24/12/2024,50.9067
egypt,usdegp,23/12/2024,51.0757
egypt,usdegp,22/12/2024,50.9249
egypt,usdegp,19/12/2024,50.9202
egypt,usdegp,18/12/2024,50.8773
egypt,usdegp,17/12/2024,50.7944
egypt,usdegp,16/12/2024,50.8185
egypt,usdegp,15/12/2024,50.7994
egypt,usdegp,12/12/2024,50.8431
egypt,usdegp,11/12/2024,50.6544
egypt,usdegp,10/12/2024,50.4607
egypt,usdegp,09/12/2024,50.5149
egypt,usdegp,08/12/2024,50.2424
egypt,usdegp,05/12/2024,50.0024
egypt,usdegp,04/12/2024,49.8376
egypt,usdegp,03/12/2024,49.7392
egypt,usdegp,02/12/2024,49.7158
egypt,usdegp,01/12/2024,49.5905
egypt,usdegp,28/11/2024,49.5969
egypt,usdegp,27/11/2024,49.672
egypt,usdegp,26/11/2024,49.5958
egypt,usdegp,25/11/2024,49.6173
egypt,usdegp,24/11/2024,49.6649
egypt,usdegp,21/11/2024,49.6754
egypt,usdegp,20/11/2024,49.7381
egypt,usdegp,19/11/2024,49.5343
egypt,usdegp,18/11/2024,49.4343
egypt,usdegp,17/11/2024,49.3772
egypt,usdegp,14/11/2024,49.3796
egypt,usdegp,13/11/2024,49.3182
egypt,usdegp,12/11/2024,49.2189
egypt,usdegp,11/11/2024,49.2137
egypt,usdegp,10/11/2024,49.2464
egypt,usdegp,07/11/2024,49.3039
egypt,usdegp,06/11/2024,49.2353
egypt,usdegp,05/11/2024,49.1444
egypt,usdegp,04/11/2024,49.0899
egypt,usdegp,03/11/2024,49.005
egypt,usdegp,31/10/2024,48.9604
egypt,usdegp,30/10/2024,48.7728
egypt,usdegp,29/10/2024,48.71
egypt,usdegp,28/10/2024,48.6942
egypt,usdegp,27/10/2024,48.7397
egypt,usdegp,24/10/2024,48.7944
egypt,usdegp,23/10/2024,48.7383
egypt,usdegp,22/10/2024,48.695
egypt,usdegp,21/10/2024,48.661
egypt,usdegp,20/10/2024,48.6087
egypt,usdegp,17/10/2024,48.6384
egypt,usdegp,16/10/2024,48.6139
egypt,usdegp,15/10/2024,48.5466
egypt,usdegp,14/10/2024,48.6137
egypt,usdegp,13/10/2024,48.5688
egypt,usdegp,10/10/2024,48.5738
egypt,usdegp,09/10/2024,48.5101
egypt,usdegp,08/10/2024,48.5778
egypt,usdegp,07/10/2024,48.4269
egypt,usdegp,03/10/2024,48.3416
egypt,usdegp,02/10/2024,48.3705
egypt,usdegp,01/10/2024,48.2413
egypt,usdegp,30/09/2024,48.2945
egypt,usdegp,29/09/2024,48.4106
egypt,usdegp,26/09/2024,48.3557
egypt,usdegp,25/09/2024,48.5554
egypt,usdegp,24/09/2024,48.6916
egypt,usdegp,23/09/2024,48.6709
egypt,usdegp,22/09/2024,48.5789
egypt,usdegp,19/09/2024,48.5188
egypt,usdegp,18/09/2024,48.5579
egypt,usdegp,17/09/2024,48.4204
egypt,usdegp,16/09/2024,48.4287
egypt,usdegp,12/09/2024,48.436
egypt,usdegp,11/09/2024,48.3797
egypt,usdegp,10/09/2024,48.3528
egypt,usdegp,09/09/2024,48.3581
egypt,usdegp,08/09/2024,48.3986
egypt,usdegp,05/09/2024,48.441
egypt,usdegp,04/09/2024,48.4944
egypt,usdegp,03/09/2024,48.4985
egypt,usdegp,02/09/2024,48.5315
egypt,usdegp,01/09/2024,48.5669
egypt,usdegp,29/08/2024,48.621
egypt,usdegp,28/08/2024,48.6547
egypt,usdegp,27/08/2024,48.7038
egypt,usdegp,26/08/2024,48.7438
egypt,usdegp,25/08/2024,48.7907
egypt,usdegp,22/08/2024,48.7948
egypt,usdegp,21/08/2024,48.799
egypt,usdegp,20/08/2024,48.8753
egypt,usdegp,19/08/2024,48.7845
egypt,usdegp,18/08/2024,48.812
egypt,usdegp,15/08/2024,48.9046
egypt,usdegp,14/08/2024,49.1042
egypt,usdegp,13/08/2024,49.3722
egypt,usdegp,12/08/2024,49.3078
egypt,usdegp,11/08/2024,49.2345
egypt,usdegp,08/08/2024,49.2792
egypt,usdegp,07/08/2024,49.2291
egypt,usdegp,06/08/2024,49.2166
egypt,usdegp,05/08/2024,49.2565
egypt,usdegp,04/08/2024,48.7894
egypt,usdegp,01/08/2024,48.6907
egypt,usdegp,31/07/2024,48.5774
egypt,usdegp,30/07/2024,48.4029
egypt,usdegp,29/07/2024,48.331
egypt,usdegp,28/07/2024,48.3408
egypt,usdegp,24/07/2024,48.3561
egypt,usdegp,23/07/2024,48.3669
egypt,usdegp,22/07/2024,48.4406
egypt,usdegp,21/07/2024,48.3858
egypt,usdegp,18/07/2024,48.2517
egypt,usdegp,17/07/2024,48.2259
egypt,usdegp,16/07/2024,48.0354
egypt,usdegp,15/07/2024,47.9697
egypt,usdegp,14/07/2024,47.948
egypt,usdegp,10/07/2024,48.0131
egypt,usdegp,09/07/2024,48.0901
egypt,usdegp,08/07/2024,47.9346
egypt,usdegp,07/07/2024,47.9571
egypt,usdegp,04/07/2024,48.017
egypt,usdegp,03/07/2024,48.1571
egypt,usdegp,02/07/2024,48.1751
egypt,usdegp,01/07/2024,48.2757
egypt,usdegp,27/06/2024,48.0303
egypt,usdegp,26/06/2024,48.0669
egypt,usdegp,25/06/2024,48.3806
egypt,usdegp,24/06/2024,48.3191
egypt,usdegp,23/06/2024,48.1469
egypt,usdegp,13/06/2024,47.7091
egypt,usdegp,12/06/2024,47.7109
egypt,usdegp,11/06/2024,47.5553
egypt,usdegp,10/06/2024,47.7157
egypt,usdegp,09/06/2024,47.5919
egypt,usdegp,06/06/2024,47.5192
egypt,usdegp,05/06/2024,47.6274
egypt,usdegp,04/06/2024,47.4403
egypt,usdegp,03/06/2024,47.1411
egypt,usdegp,02/06/2024,47.3326
egypt,usdegp,30/05/2024,47.2815
egypt,usdegp,29/05/2024,47.3192
egypt,usdegp,28/05/2024,47.519
egypt,usdegp,27/05/2024,47.1781
egypt,usdegp,26/05/2024,46.9497
egypt,usdegp,23/05/2024,47.1213
egypt,usdegp,22/05/2024,46.8104
egypt,usdegp,21/05/2024,46.6464
egypt,usdegp,20/05/2024,46.6253
egypt,usdegp,19/05/2024,46.8557
egypt,usdegp,16/05/2024,46.9037
egypt,usdegp,15/05/2024,46.8504
egypt,usdegp,14/05/2024,46.8634
egypt,usdegp,13/05/2024,47.0556
egypt,usdegp,12/05/2024,47.2808
egypt,usdegp,09/05/2024,47.3388
egypt,usdegp,08/05/2024,47.552
egypt,usdegp,07/05/2024,47.7185
egypt,usdegp,02/05/2024,47.956
egypt,usdegp,01/05/2024,47.8728
egypt,usdegp,30/04/2024,47.8557
egypt,usdegp,29/04/2024,47.9224
egypt,usdegp,28/04/2024,47.7377
egypt,usdegp,24/04/2024,47.9001
egypt,usdegp,23/04/2024,48.0615
egypt,usdegp,22/04/2024,48.157
egypt,usdegp,21/04/2024,48.3847
egypt,usdegp,18/04/2024,48.3374
egypt,usdegp,17/04/2024,48.512
egypt,usdegp,16/04/2024,48.5518
egypt,usdegp,15/04/2024,48.3596
egypt,usdegp,08/04/2024,47.5911
egypt,usdegp,07/04/2024,47.5546
egypt,usdegp,04/04/2024,47.3787
egypt,usdegp,03/04/2024,47.3978
egypt,usdegp,02/04/2024,47.1626
egypt,usdegp,01/04/2024,47.192
egypt,usdegp,31/03/2024,47.2155
egypt,usdegp,28/03/2024,47.397
egypt,usdegp,27/03/2024,47.2787
egypt,usdegp,26/03/2024,47.787
egypt,usdegp,25/03/2024,47.418
egypt,usdegp,24/03/2024,46.5602
egypt,usdegp,21/03/2024,46.6772
egypt,usdegp,20/03/2024,46.953
egypt,usdegp,19/03/2024,47.0797
egypt,usdegp,18/03/2024,47.162
egypt,usdegp,17/03/2024,47.2565
egypt,usdegp,14/03/2024,47.8347
egypt,usdegp,13/03/2024,48.4219
egypt,usdegp,12/03/2024,48.7868
egypt,usdegp,11/03/2024,49.042
egypt,usdegp,10/03/2024,49.156
egypt,usdegp,07/03/2024,49.4009
egypt,usdegp,06/03/2024,49.5003
egypt,usdegp,05/03/2024,30.8954
egypt,usdegp,04/03/2024,30.8997
egypt,usdegp,03/03/2024,30.8943
egypt,usdegp,29/02/2024,30.8943
egypt,usdegp,28/02/2024,30.8943
egypt,usdegp,27/02/2024,30.8943
egypt,usdegp,26/02/2024,30.8936
egypt,usdegp,25/02/2024,30.8936
egypt,usdegp,22/02/2024,30.8929
egypt,usdegp,21/02/2024,30.8929
egypt,usdegp,20/02/2024,30.8929
egypt,usdegp,19/02/2024,30.8929
egypt,usdegp,18/02/2024,30.8929
egypt,usdegp,15/02/2024,30.8929
egypt,usdegp,14/02/2024,30.8929
egypt,usdegp,13/02/2024,30.8929
egypt,usdegp,12/02/2024,30.8929
egypt,usdegp,11/02/2024,30.8929
egypt,usdegp,08/02/2024,30.8929
egypt,usdegp,07/02/2024,30.8929
egypt,usdegp,06/02/2024,30.8929
egypt,usdegp,05/02/2024,30.8929
egypt,usdegp,04/02/2024,30.8929
egypt,usdegp,01/02/2024,30.8929
egypt,usdegp,31/01/2024,30.8929
egypt,usdegp,30/01/2024,30.8929
egypt,usdegp,29/01/2024,30.8929
egypt,usdegp,28/01/2024,30.8929
egypt,usdegp,24/01/2024,30.8929
egypt,usdegp,23/01/2024,30.8929
egypt,usdegp,22/01/2024,30.8943
egypt,usdegp,21/01/2024,30.8929
egypt,usdegp,18/01/2024,30.8929
egypt,usdegp,17/01/2024,30.8929
egypt,usdegp,16/01/2024,30.8929
egypt,usdegp,15/01/2024,30.8929
egypt,usdegp,14/01/2024,30.8929
egypt,usdegp,11/01/2024,30.8929
egypt,usdegp,10/01/2024,30.8929
egypt,usdegp,09/01/2024,30.8929
egypt,usdegp,08/01/2024,30.8929
egypt,usdegp,04/01/2024,30.8929
egypt,usdegp,03/01/2024,30.8903
egypt,usdegp,02/01/2024,30.8903
egypt,usdegp,31/12/2023,30.8931
egypt,usdegp,28/12/2023,30.8931
egypt,usdegp,27/12/2023,30.8931
egypt,usdegp,26/12/2023,30.8931
egypt,usdegp,25/12/2023,30.8931
egypt,usdegp,24/12/2023,30.8903
egypt,usdegp,21/12/2023,30.8931
egypt,usdegp,20/12/2023,30.8931
egypt,usdegp,19/12/2023,30.8903
egypt,usdegp,18/12/2023,30.8931
egypt,usdegp,17/12/2023,30.8931
egypt,usdegp,14/12/2023,30.8946
egypt,usdegp,13/12/2023,30.8931
egypt,usdegp,12/12/2023,30.8931
egypt,usdegp,11/12/2023,30.8931
egypt,usdegp,10/12/2023,30.8931
egypt,usdegp,07/12/2023,30.8931
egypt,usdegp,06/12/2023,30.8931
egypt,usdegp,05/12/2023,30.8903
egypt,usdegp,04/12/2023,30.8903
egypt,usdegp,03/12/2023,30.8931
egypt,usdegp,30/11/2023,30.8946
egypt,usdegp,29/11/2023,30.8946
egypt,usdegp,28/11/2023,30.8946
egypt,usdegp,27/11/2023,30.8946
egypt,usdegp,26/11/2023,30.8946
egypt,usdegp,23/11/2023,30.8946
egypt,usdegp,22/11/2023,30.8946
egypt,usdegp,21/11/2023,30.8946
egypt,usdegp,20/11/2023,30.8946
egypt,usdegp,19/11/2023,30.8946
egypt,usdegp,16/11/2023,30.8946
egypt,usdegp,15/11/2023,30.8946
egypt,usdegp,14/11/2023,30.8946
egypt,usdegp,13/11/2023,30.8946
egypt,usdegp,12/11/2023,30.8946
egypt,usdegp,09/11/2023,30.8946
egypt,usdegp,08/11/2023,30.8931
egypt,usdegp,07/11/2023,30.8946
egypt,usdegp,06/11/2023,30.8946
egypt,usdegp,05/11/2023,30.8931
egypt,usdegp,02/11/2023,30.8931
egypt,usdegp,01/11/2023,30.8946
egypt,usdegp,31/10/2023,30.8931
egypt,usdegp,30/10/2023,30.8931
egypt,usdegp,29/10/2023,30.8931
egypt,usdegp,26/10/2023,30.8931
egypt,usdegp,25/10/2023,30.8931
egypt,usdegp,24/10/2023,30.8931
egypt,usdegp,23/10/2023,30.8931
egypt,usdegp,22/10/2023,30.8931
egypt,usdegp,19/10/2023,30.8931
egypt,usdegp,18/10/2023,30.8931
egypt,usdegp,17/10/2023,30.8931
egypt,usdegp,16/10/2023,30.8931
egypt,usdegp,15/10/2023,30.8946
egypt,usdegp,12/10/2023,30.8944
egypt,usdegp,11/10/2023,30.893
egypt,usdegp,10/10/2023,30.893
egypt,usdegp,09/10/2023,30.893
egypt,usdegp,08/10/2023,30.8934
egypt,usdegp,04/10/2023,30.8949
egypt,usdegp,03/10/2023,30.8934
egypt,usdegp,02/10/2023,30.8934
egypt,usdegp,01/10/2023,30.8934
egypt,usdegp,27/09/2023,30.8934
egypt,usdegp,26/09/2023,30.8934
egypt,usdegp,25/09/2023,30.8949
egypt,usdegp,24/09/2023,30.8935
egypt,usdegp,21/09/2023,30.8935
egypt,usdegp,20/09/2023,30.8935
egypt,usdegp,19/09/2023,30.8935
egypt,usdegp,18/09/2023,30.8935
egypt,usdegp,17/09/2023,30.8935
egypt,usdegp,14/09/2023,30.8935
egypt,usdegp,13/09/2023,30.895
egypt,usdegp,12/09/2023,30.895
egypt,usdegp,11/09/2023,30.8935
egypt,usdegp,10/09/2023,30.8935
egypt,usdegp,07/09/2023,30.8937
egypt,usdegp,06/09/2023,30.8937
egypt,usdegp,05/09/2023,30.8941
egypt,usdegp,04/09/2023,30.8941
egypt,usdegp,03/09/2023,30.8941
egypt,usdegp,31/08/2023,30.8941
egypt,usdegp,30/08/2023,30.8941
egypt,usdegp,29/08/2023,30.8941
egypt,usdegp,28/08/2023,30.8955
egypt,usdegp,27/08/2023,30.8956
egypt,usdegp,24/08/2023,30.8955
egypt,usdegp,23/08/2023,30.8956
egypt,usdegp,22/08/2023,30.8942
egypt,usdegp,21/08/2023,30.8942
egypt,usdegp,20/08/2023,30.8942
egypt,usdegp,17/08/2023,30.8942
egypt,usdegp,16/08/2023,30.8942
egypt,usdegp,15/08/2023,30.8942
egypt,usdegp,14/08/2023,30.8942
egypt,usdegp,13/08/2023,30.8942
egypt,usdegp,10/08/2023,30.8937
egypt,usdegp,09/08/2023,30.8952
egypt,usdegp,08/08/2023,30.8952
egypt,usdegp,07/08/2023,30.8956
egypt,usdegp,06/08/2023,30.8956
egypt,usdegp,03/08/2023,30.897
egypt,usdegp,02/08/2023,30.8957
egypt,usdegp,01/08/2023,30.8957
egypt,usdegp,31/07/2023,30.8957
egypt,usdegp,30/07/2023,30.8957
egypt,usdegp,27/07/2023,30.8971
egypt,usdegp,26/07/2023,30.9
egypt,usdegp,25/07/2023,30.8971
egypt,usdegp,24/07/2023,30.8971
egypt,usdegp,19/07/2023,30.8971
egypt,usdegp,18/07/2023,30.8985
egypt,usdegp,17/07/2023,30.8971
egypt,usdegp,16/07/2023,30.8957
egypt,usdegp,13/07/2023,30.8967
egypt,usdegp,12/07/2023,30.8971
egypt,usdegp,11/07/2023,30.8971
egypt,usdegp,10/07/2023,30.8986
egypt,usdegp,09/07/2023,30.8987
egypt,usdegp,06/07/2023,30.8972
egypt,usdegp,05/07/2023,30.8986
egypt,usdegp,04/07/2023,30.9
egypt,usdegp,26/06/2023,30.8969
egypt,usdegp,25/06/2023,30.8955
egypt,usdegp,22/06/2023,30.8986
egypt,usdegp,21/06/2023,30.8986
egypt,usdegp,20/06/2023,30.8986
egypt,usdegp,19/06/2023,30.8972
egypt,usdegp,18/06/2023,30.8972
egypt,usdegp,15/06/2023,30.8967
egypt,usdegp,14/06/2023,30.8967
egypt,usdegp,13/06/2023,30.8972
egypt,usdegp,12/06/2023,30.8972
egypt,usdegp,11/06/2023,30.8972
egypt,usdegp,08/06/2023,30.8986
egypt,usdegp,07/06/2023,30.8986
egypt,usdegp,06/06/2023,30.8982
egypt,usdegp,05/06/2023,30.8987
egypt,usdegp,04/06/2023,30.8973
egypt,usdegp,01/06/2023,30.8997
egypt,usdegp,31/05/2023,30.8983
egypt,usdegp,30/05/2023,30.8983
egypt,usdegp,29/05/2023,30.895
egypt,usdegp,28/05/2023,30.897
egypt,usdegp,25/05/2023,30.8936
egypt,usdegp,24/05/2023,30.8923
egypt,usdegp,23/05/2023,30.8923
egypt,usdegp,22/05/2023,30.8937
egypt,usdegp,21/05/2023,30.8966
egypt,usdegp,18/05/2023,30.8937
egypt,usdegp,17/05/2023,30.8966
egypt,usdegp,16/05/2023,30.8966
egypt,usdegp,15/05/2023,30.8966
egypt,usdegp,14/05/2023,30.8966
egypt,usdegp,11/05/2023,30.8995
egypt,usdegp,10/05/2023,30.8966
egypt,usdegp,09/05/2023,30.898
egypt,usdegp,08/05/2023,30.8951
egypt,usdegp,07/05/2023,30.8966
egypt,usdegp,03/05/2023,30.8952
egypt,usdegp,02/05/2023,30.8959
egypt,usdegp,01/05/2023,30.8973
egypt,usdegp,30/04/2023,30.8966
egypt,usdegp,27/04/2023,30.8951
egypt,usdegp,26/04/2023,30.8937
egypt,usdegp,19/04/2023,30.8935
egypt,usdegp,18/04/2023,30.8966
egypt,usdegp,13/04/2023,30.895
egypt,usdegp,12/04/2023,30.895
egypt,usdegp,11/04/2023,30.8952
egypt,usdegp,10/04/2023,30.8952
egypt,usdegp,09/04/2023,30.8951
egypt,usdegp,06/04/2023,30.8952
egypt,usdegp,05/04/2023,30.894
egypt,usdegp,04/04/2023,30.8955
egypt,usdegp,03/04/2023,30.8969
egypt,usdegp,02/04/2023,30.8968
egypt,usdegp,30/03/2023,30.8983
egypt,usdegp,29/03/2023,30.8968
egypt,usdegp,28/03/2023,30.8969
egypt,usdegp,27/03/2023,30.8983
egypt,usdegp,26/03/2023,30.8968
egypt,usdegp,23/03/2023,30.8968
egypt,usdegp,22/03/2023,30.9007
egypt,usdegp,21/03/2023,30.8996
egypt,usdegp,20/03/2023,30.8996
egypt,usdegp,19/03/2023,30.8981
egypt,usdegp,16/03/2023,30.9007
egypt,usdegp,15/03/2023,30.9001
egypt,usdegp,14/03/2023,30.8993
egypt,usdegp,13/03/2023,30.899
egypt,usdegp,12/03/2023,30.8996
egypt,usdegp,09/03/2023,30.8986
egypt,usdegp,08/03/2023,30.8813
egypt,usdegp,07/03/2023,30.8311
egypt,usdegp,06/03/2023,30.7821
egypt,usdegp,05/03/2023,30.7221
egypt,usdegp,02/03/2023,30.7228
egypt,usdegp,01/03/2023,30.6326
egypt,usdegp,28/02/2023,30.6307
egypt,usdegp,27/02/2023,30.6318
egypt,usdegp,26/02/2023,30.6318
egypt,usdegp,23/02/2023,30.6318
egypt,usdegp,22/02/2023,30.6314
egypt,usdegp,21/02/2023,30.6008
egypt,usdegp,21/02/2023,30.6008
egypt,usdegp,20/02/2023,30.5844
egypt,usdegp,19/02/2023,30.575
egypt,usdegp,16/02/2023,30.5752
egypt,usdegp,15/02/2023,30.5735
egypt,usdegp,14/02/2023,30.5728
egypt,usdegp,13/02/2023,30.5343
egypt,usdegp,12/02/2023,30.5327
egypt,usdegp,09/02/2023,30.5047
egypt,usdegp,08/02/2023,30.3753
egypt,usdegp,07/02/2023,30.3058
egypt,usdegp,06/02/2023,30.3041
egypt,usdegp,05/02/2023,30.2842
egypt,usdegp,02/02/2023,30.2872
egypt,usdegp,01/02/2023,30.207
egypt,usdegp,31/01/2023,30.1885
egypt,usdegp,30/01/2023,29.9807
egypt,usdegp,29/01/2023,29.8969
egypt,usdegp,25/01/2023,29.9009
egypt,usdegp,24/01/2023,29.8982
egypt,usdegp,23/01/2023,29.8769
egypt,usdegp,22/01/2023,29.8479
egypt,usdegp,19/01/2023,29.8348
egypt,usdegp,18/01/2023,29.6378
egypt,usdegp,17/01/2023,29.5471
egypt,usdegp,16/01/2023,29.6164
egypt,usdegp,15/01/2023,29.6061
egypt,usdegp,12/01/2023,29.571
egypt,usdegp,11/01/2023,29.6982
egypt,usdegp,10/01/2023,27.663
egypt,usdegp,09/01/2023,27.5897
egypt,usdegp,05/01/2023,27.0621
egypt,usdegp,04/01/2023,26.4243
egypt,usdegp,03/01/2023,24.7667
egypt,usdegp,02/01/2023,24.7442
egypt,usdegp,29/12/2022,24.7434
egypt,usdegp,28/12/2022,24.7463
egypt,usdegp,27/12/2022,24.7267
egypt,usdegp,26/12/2022,24.7245
egypt,usdegp,25/12/2022,24.7241
egypt,usdegp,22/12/2022,24.726
egypt,usdegp,21/12/2022,24.7231
egypt,usdegp,20/12/2022,24.7249
egypt,usdegp,19/12/2022,24.7259
egypt,usdegp,18/12/2022,24.6966
egypt,usdegp,15/12/2022,24.6962
egypt,usdegp,14/12/2022,24.6933
egypt,usdegp,13/12/2022,24.6564
egypt,usdegp,12/12/2022,24.6564
egypt,usdegp,11/12/2022,24.6256
egypt,usdegp,08/12/2022,24.6249
egypt,usdegp,07/12/2022,24.6192
egypt,usdegp,06/12/2022,24.6205
egypt,usdegp,05/12/2022,24.5895
egypt,usdegp,04/12/2022,24.5891
egypt,usdegp,01/12/2022,24.5863
egypt,usdegp,30/11/2022,24.5762
egypt,usdegp,29/11/2022,24.5774
egypt,usdegp,28/11/2022,24.5767
egypt,usdegp,27/11/2022,24.5541
egypt,usdegp,24/11/2022,24.5588
egypt,usdegp,23/11/2022,24.5534
egypt,usdegp,22/11/2022,24.5357
egypt,usdegp,21/11/2022,24.5233
egypt,usdegp,20/11/2022,24.4991
egypt,usdegp,17/11/2022,24.4947
egypt,usdegp,16/11/2022,24.4808
egypt,usdegp,15/11/2022,24.4541
egypt,usdegp,14/11/2022,24.4336
egypt,usdegp,13/11/2022,24.4223
egypt,usdegp,10/11/2022,24.417
egypt,usdegp,09/11/2022,24.3952
egypt,usdegp,08/11/2022,24.3781
egypt,usdegp,07/11/2022,24.3204
egypt,usdegp,06/11/2022,24.271
egypt,usdegp,03/11/2022,24.2628
egypt,usdegp,02/11/2022,24.1912
egypt,usdegp,01/11/2022,24.1779
egypt,usdegp,31/10/2022,24.1226
egypt,usdegp,30/10/2022,24.0663
egypt,usdegp,27/10/2022,22.928
egypt,usdegp,26/10/2022,19.7134
egypt,usdegp,25/10/2022,19.6944
egypt,usdegp,24/10/2022,19.6752
egypt,usdegp,23/10/2022,19.6758
egypt,usdegp,20/10/2022,19.675
egypt,usdegp,19/10/2022,19.6752
egypt,usdegp,18/10/2022,19.675
egypt,usdegp,17/10/2022,19.6751
egypt,usdegp,16/10/2022,19.6738
egypt,usdegp,13/10/2022,19.6744
egypt,usdegp,12/10/2022,19.6743
egypt,usdegp,11/10/2022,19.6727
egypt,usdegp,10/10/2022,19.6542
egypt,usdegp,09/10/2022,19.6542
egypt,usdegp,05/10/2022,19.6542
egypt,usdegp,04/10/2022,19.6542
egypt,usdegp,03/10/2022,19.6304
egypt,usdegp,02/10/2022,19.5528
egypt,usdegp,29/09/2022,19.5523
egypt,usdegp,28/09/2022,19.5226
egypt,usdegp,27/09/2022,19.5031
egypt,usdegp,26/09/2022,19.5026
egypt,usdegp,25/09/2022,19.4828
egypt,usdegp,22/09/2022,19.483
egypt,usdegp,21/09/2022,19.4842
egypt,usdegp,20/09/2022,19.4345
egypt,usdegp,19/09/2022,19.4141
egypt,usdegp,18/09/2022,19.4151
egypt,usdegp,15/09/2022,19.4136
egypt,usdegp,14/09/2022,19.3828
egypt,usdegp,13/09/2022,19.3546
egypt,usdegp,12/09/2022,19.3551
egypt,usdegp,11/09/2022,19.3343
egypt,usdegp,08/09/2022,19.3046
egypt,usdegp,07/09/2022,19.2644
egypt,usdegp,06/09/2022,19.235
egypt,usdegp,05/09/2022,19.2233
egypt,usdegp,04/09/2022,19.2224
egypt,usdegp,01/09/2022,19.2231
egypt,usdegp,31/08/2022,19.2231
egypt,usdegp,30/08/2022,19.2223
egypt,usdegp,29/08/2022,19.2021
egypt,usdegp,28/08/2022,19.1842
egypt,usdegp,25/08/2022,19.1847
egypt,usdegp,24/08/2022,19.1757
egypt,usdegp,23/08/2022,19.1664
egypt,usdegp,22/08/2022,19.1463
egypt,usdegp,21/08/2022,19.1462
egypt,usdegp,18/08/2022,19.1465
egypt,usdegp,17/08/2022,19.1455
egypt,usdegp,16/08/2022,19.1451
egypt,usdegp,15/08/2022,19.1445
egypt,usdegp,14/08/2022,19.1385
egypt,usdegp,11/08/2022,19.1446
egypt,usdegp,10/08/2022,19.1454
egypt,usdegp,09/08/2022,19.1441
egypt,usdegp,08/08/2022,19.1435
egypt,usdegp,07/08/2022,19.1238
egypt,usdegp,04/08/2022,19.1238
egypt,usdegp,03/08/2022,19.0935
egypt,usdegp,02/08/2022,19.0342
egypt,usdegp,01/08/2022,18.9521
egypt,usdegp,31/07/2022,18.9489
egypt,usdegp,28/07/2022,18.9329
egypt,usdegp,27/07/2022,18.9349
egypt,usdegp,26/07/2022,18.9355
egypt,usdegp,25/07/2022,18.9343
egypt,usdegp,24/07/2022,18.9318
egypt,usdegp,21/07/2022,18.933
egypt,usdegp,20/07/2022,18.9185
egypt,usdegp,19/07/2022,18.9176
egypt,usdegp,18/07/2022,18.8885
egypt,usdegp,17/07/2022,18.8683
egypt,usdegp,07/07/2022,18.8681
egypt,usdegp,06/07/2022,18.8686
egypt,usdegp,05/07/2022,18.8745
egypt,usdegp,04/07/2022,18.8535
egypt,usdegp,03/07/2022,18.8242
egypt,usdegp,29/06/2022,18.7985
egypt,usdegp,28/06/2022,18.7727
egypt,usdegp,27/06/2022,18.7489
egypt,usdegp,26/06/2022,18.7524
egypt,usdegp,23/06/2022,18.7489
egypt,usdegp,22/06/2022,18.7531
egypt,usdegp,21/06/2022,18.7531
egypt,usdegp,20/06/2022,18.7489
egypt,usdegp,19/06/2022,18.7544
egypt,usdegp,16/06/2022,18.7548
egypt,usdegp,15/06/2022,18.7557
egypt,usdegp,14/06/2022,18.7454
egypt,usdegp,13/06/2022,18.7161
egypt,usdegp,12/06/2022,18.6933
egypt,usdegp,09/06/2022,18.673
egypt,usdegp,08/06/2022,18.673
egypt,usdegp,07/06/2022,18.673
egypt,usdegp,06/06/2022,18.6459
egypt,usdegp,05/06/2022,18.6418
egypt,usdegp,02/06/2022,18.6435
egypt,usdegp,01/06/2022,18.6222
egypt,usdegp,31/05/2022,18.5924
egypt,usdegp,30/05/2022,18.5925
egypt,usdegp,29/05/2022,18.5918
egypt,usdegp,26/05/2022,18.6484
egypt,usdegp,25/05/2022,18.5901
egypt,usdegp,24/05/2022,18.5109
egypt,usdegp,23/05/2022,18.4012
egypt,usdegp,22/05/2022,18.2722
egypt,usdegp,19/05/2022,18.2711
egypt,usdegp,18/05/2022,18.272
egypt,usdegp,17/05/2022,18.2688
egypt,usdegp,16/05/2022,18.2789
egypt,usdegp,15/05/2022,18.2976
egypt,usdegp,12/05/2022,18.3208
egypt,usdegp,11/05/2022,18.3765
egypt,usdegp,10/05/2022,18.4942
egypt,usdegp,09/05/2022,18.4909
egypt,usdegp,08/05/2022,18.4898
egypt,usdegp,28/04/2022,18.4922
egypt,usdegp,27/04/2022,18.5093
egypt,usdegp,26/04/2022,18.526
egypt,usdegp,21/04/2022,18.5651
egypt,usdegp,20/04/2022,18.4828
egypt,usdegp,19/04/2022,18.4618
egypt,usdegp,18/04/2022,18.4184
egypt,usdegp,17/04/2022,18.4048
egypt,usdegp,14/04/2022,18.3853
egypt,usdegp,13/04/2022,18.423
egypt,usdegp,12/04/2022,18.5133
egypt,usdegp,11/04/2022,18.413
egypt,usdegp,10/04/2022,18.352
egypt,usdegp,07/04/2022,18.3423
egypt,usdegp,06/04/2022,18.305
egypt,usdegp,05/04/2022,18.2671
egypt,usdegp,04/04/2022,18.2586
egypt,usdegp,03/04/2022,18.2544
egypt,usdegp,31/03/2022,18.2643
egypt,usdegp,30/03/2022,18.2765
egypt,usdegp,29/03/2022,18.3213
egypt,usdegp,28/03/2022,18.325
egypt,usdegp,27/03/2022,18.3098
egypt,usdegp,24/03/2022,18.3097
egypt,usdegp,23/03/2022,18.3688
egypt,usdegp,22/03/2022,18.2201
egypt,usdegp,21/03/2022,18.2201
egypt,usdegp,20/03/2022,15.7135
egypt,usdegp,17/03/2022,15.7155
egypt,usdegp,16/03/2022,15.715
egypt,usdegp,15/03/2022,15.7162
egypt,usdegp,14/03/2022,15.7179
egypt,usdegp,13/03/2022,15.7155
egypt,usdegp,10/03/2022,15.7161
egypt,usdegp,09/03/2022,15.7153
egypt,usdegp,08/03/2022,15.7166
egypt,usdegp,07/03/2022,15.7156
egypt,usdegp,06/03/2022,15.7159
egypt,usdegp,03/03/2022,15.7164
egypt,usdegp,02/03/2022,15.7147
egypt,usdegp,01/03/2022,15.7138
egypt,usdegp,28/02/2022,15.7145
egypt,usdegp,27/02/2022,15.7127
egypt,usdegp,24/02/2022,15.7139
egypt,usdegp,23/02/2022,15.7144
egypt,usdegp,22/02/2022,15.7144
egypt,usdegp,21/02/2022,15.7159
egypt,usdegp,20/02/2022,15.7135
egypt,usdegp,17/02/2022,15.7172
egypt,usdegp,16/02/2022,15.7135
egypt,usdegp,15/02/2022,15.7135
egypt,usdegp,14/02/2022,15.7134
egypt,usdegp,13/02/2022,15.713
egypt,usdegp,10/02/2022,15.7138
egypt,usdegp,09/02/2022,15.7154
egypt,usdegp,08/02/2022,15.7124
egypt,usdegp,07/02/2022,15.7134
egypt,usdegp,06/02/2022,15.7126
egypt,usdegp,03/02/2022,15.7139
egypt,usdegp,02/02/2022,15.7139
egypt,usdegp,01/02/2022,15.7122
egypt,usdegp,31/01/2022,15.7128
egypt,usdegp,30/01/2022,15.7128
egypt,usdegp,26/01/2022,15.7134
egypt,usdegp,25/01/2022,15.716
egypt,usdegp,24/01/2022,15.7144
egypt,usdegp,23/01/2022,15.7125
egypt,usdegp,20/01/2022,15.7142
egypt,usdegp,19/01/2022,15.7155
egypt,usdegp,18/01/2022,15.7156
egypt,usdegp,17/01/2022,15.7168
egypt,usdegp,16/01/2022,15.7122
egypt,usdegp,13/01/2022,15.7115
egypt,usdegp,12/01/2022,15.7137
egypt,usdegp,11/01/2022,15.7151
egypt,usdegp,10/01/2022,15.7148
egypt,usdegp,09/01/2022,15.7133
egypt,usdegp,05/01/2022,15.7139
egypt,usdegp,04/01/2022,15.7151
egypt,usdegp,03/01/2022,15.7139
egypt,usdegp,02/01/2022,15.7152
egypt,usdegp,30/12/2021,15.7167
egypt,usdegp,29/12/2021,15.7168
egypt,usdegp,28/12/2021,15.715
egypt,usdegp,27/12/2021,15.7154
egypt,usdegp,26/12/2021,15.7147
egypt,usdegp,23/12/2021,15.7142
egypt,usdegp,22/12/2021,15.7143
egypt,usdegp,21/12/2021,15.7146
egypt,usdegp,20/12/2021,15.7163
egypt,usdegp,19/12/2021,15.7142
egypt,usdegp,16/12/2021,15.7153
egypt,usdegp,15/12/2021,15.7159
egypt,usdegp,14/12/2021,15.7147
egypt,usdegp,13/12/2021,15.7153
egypt,usdegp,12/12/2021,15.7135
egypt,usdegp,09/12/2021,15.7142
egypt,usdegp,08/12/2021,15.7154
egypt,usdegp,07/12/2021,15.7159
egypt,usdegp,06/12/2021,15.7143
egypt,usdegp,05/12/2021,15.7138
egypt,usdegp,02/12/2021,15.7147
egypt,usdegp,01/12/2021,15.7139
egypt,usdegp,30/11/2021,15.7145
egypt,usdegp,29/11/2021,15.7145
egypt,usdegp,28/11/2021,15.714
egypt,usdegp,25/11/2021,15.7148
egypt,usdegp,24/11/2021,15.7215
egypt,usdegp,23/11/2021,15.7186
egypt,usdegp,22/11/2021,15.7164
egypt,usdegp,21/11/2021,15.7146
egypt,usdegp,18/11/2021,15.7148
egypt,usdegp,17/11/2021,15.7157
egypt,usdegp,16/11/2021,15.7134
egypt,usdegp,15/11/2021,15.714
egypt,usdegp,14/11/2021,15.712
egypt,usdegp,11/11/2021,15.715
egypt,usdegp,10/11/2021,15.7124
egypt,usdegp,09/11/2021,15.7122
egypt,usdegp,08/11/2021,15.7123
egypt,usdegp,07/11/2021,15.7117
egypt,usdegp,04/11/2021,15.712
egypt,usdegp,03/11/2021,15.7114
egypt,usdegp,02/11/2021,15.7108
egypt,usdegp,01/11/2021,15.7113
egypt,usdegp,31/10/2021,15.7112
egypt,usdegp,28/10/2021,15.7156
egypt,usdegp,27/10/2021,15.7146
egypt,usdegp,26/10/2021,15.7154
egypt,usdegp,25/10/2021,15.7125
egypt,usdegp,24/10/2021,15.7115
egypt,usdegp,20/10/2021,15.7136
egypt,usdegp,19/10/2021,15.7115
egypt,usdegp,18/10/2021,15.7124
egypt,usdegp,17/10/2021,15.7115
egypt,usdegp,14/10/2021,15.7118
egypt,usdegp,13/10/2021,15.7118
egypt,usdegp,12/10/2021,15.7137
egypt,usdegp,11/10/2021,15.7125
egypt,usdegp,10/10/2021,15.7098
egypt,usdegp,06/10/2021,15.7116
egypt,usdegp,05/10/2021,15.7115
egypt,usdegp,04/10/2021,15.7099
egypt,usdegp,03/10/2021,15.7121
egypt,usdegp,30/09/2021,15.7122
egypt,usdegp,29/09/2021,15.7141
egypt,usdegp,28/09/2021,15.7114
egypt,usdegp,27/09/2021,15.7125
egypt,usdegp,26/09/2021,15.7113
egypt,usdegp,23/09/2021,15.7119
egypt,usdegp,22/09/2021,15.7134
egypt,usdegp,21/09/2021,15.7135
egypt,usdegp,20/09/2021,15.7112
egypt,usdegp,19/09/2021,15.7115
egypt,usdegp,16/09/2021,15.7116
egypt,usdegp,15/09/2021,15.7127
egypt,usdegp,14/09/2021,15.7105
egypt,usdegp,13/09/2021,15.711
egypt,usdegp,12/09/2021,15.7103
egypt,usdegp,09/09/2021,15.7106
egypt,usdegp,08/09/2021,15.7116
egypt,usdegp,07/09/2021,15.7141
egypt,usdegp,06/09/2021,15.7029
egypt,usdegp,05/09/2021,15.7007
egypt,usdegp,02/09/2021,15.7011
egypt,usdegp,01/09/2021,15.7009
egypt,usdegp,31/08/2021,15.7001
egypt,usdegp,30/08/2021,15.7024
egypt,usdegp,29/08/2021,15.7008
egypt,usdegp,26/08/2021,15.703
egypt,usdegp,25/08/2021,15.7018
egypt,usdegp,24/08/2021,15.7026
egypt,usdegp,23/08/2021,15.7021
egypt,usdegp,22/08/2021,15.7017
egypt,usdegp,19/08/2021,15.7011
egypt,usdegp,18/08/2021,15.7007
egypt,usdegp,17/08/2021,15.6993
egypt,usdegp,16/08/2021,15.7039
egypt,usdegp,15/08/2021,15.7013
egypt,usdegp,11/08/2021,15.7016
egypt,usdegp,10/08/2021,15.7029
egypt,usdegp,09/08/2021,15.7008
egypt,usdegp,08/08/2021,15.7034
egypt,usdegp,05/08/2021,15.7027
egypt,usdegp,04/08/2021,15.7062
egypt,usdegp,03/08/2021,15.703
egypt,usdegp,02/08/2021,15.7041
egypt,usdegp,01/08/2021,15.7033
egypt,usdegp,30/07/2021,15.6818
egypt,usdegp,29/07/2021,15.675
egypt,usdegp,29/07/2021,15.7042
egypt,usdegp,28/07/2021,15.7046
egypt,usdegp,27/07/2021,15.6934
egypt,usdegp,26/07/2021,15.6927
egypt,usdegp,25/07/2021,15.6921
egypt,usdegp,18/07/2021,15.6909
egypt,usdegp,15/07/2021,15.694
egypt,usdegp,14/07/2021,15.6947
egypt,usdegp,13/07/2021,15.6934
egypt,usdegp,12/07/2021,15.6933
egypt,usdegp,11/07/2021,15.693
egypt,usdegp,08/07/2021,15.6929
egypt,usdegp,07/07/2021,15.6945
egypt,usdegp,06/07/2021,15.6943
egypt,usdegp,05/07/2021,15.6833
egypt,usdegp,04/07/2021,15.682
egypt,usdegp,28/06/2021,15.6753
egypt,usdegp,27/06/2021,15.6742
egypt,usdegp,24/06/2021,15.6731
egypt,usdegp,23/06/2021,15.6651
egypt,usdegp,22/06/2021,15.6633
egypt,usdegp,21/06/2021,15.6659
egypt,usdegp,20/06/2021,15.6529
egypt,usdegp,17/06/2021,15.6544
egypt,usdegp,16/06/2021,15.6549
egypt,usdegp,15/06/2021,15.6558
egypt,usdegp,14/06/2021,15.6528
egypt,usdegp,13/06/2021,15.6522
egypt,usdegp,10/06/2021,15.6508
egypt,usdegp,09/06/2021,15.6749
egypt,usdegp,08/06/2021,15.67
egypt,usdegp,07/06/2021,15.6903
egypt,usdegp,06/06/2021,15.6948
egypt,usdegp,03/06/2021,15.691
egypt,usdegp,02/06/2021,15.6926
egypt,usdegp,01/06/2021,15.6826
egypt,usdegp,31/05/2021,15.6828
egypt,usdegp,30/05/2021,15.6871
egypt,usdegp,27/05/2021,15.6851
egypt,usdegp,26/05/2021,15.6733
egypt,usdegp,25/05/2021,15.6734
egypt,usdegp,24/05/2021,15.6745
egypt,usdegp,23/05/2021,15.6711
egypt,usdegp,20/05/2021,15.6835
egypt,usdegp,19/05/2021,15.6803
egypt,usdegp,18/05/2021,15.683
egypt,usdegp,17/05/2021,15.6831
egypt,usdegp,11/05/2021,15.6817
egypt,usdegp,10/05/2021,15.673
egypt,usdegp,09/05/2021,15.6694
egypt,usdegp,06/05/2021,15.6682
egypt,usdegp,05/05/2021,15.6699
egypt,usdegp,04/05/2021,15.6678
egypt,usdegp,28/04/2021,15.6833
egypt,usdegp,27/04/2021,15.6824
egypt,usdegp,26/04/2021,15.6843
egypt,usdegp,25/04/2021,15.6829
egypt,usdegp,22/04/2021,15.6854
egypt,usdegp,21/04/2021,15.684
egypt,usdegp,20/04/2021,15.6852
egypt,usdegp,19/04/2021,15.6859
egypt,usdegp,18/04/2021,15.6788
egypt,usdegp,15/04/2021,15.6753
egypt,usdegp,14/04/2021,15.6931
egypt,usdegp,13/04/2021,15.6923
egypt,usdegp,12/04/2021,15.6899
egypt,usdegp,11/04/2021,15.6877
egypt,usdegp,08/04/2021,15.7131
egypt,usdegp,07/04/2021,15.7118
egypt,usdegp,06/04/2021,15.712
egypt,usdegp,05/04/2021,15.7123
egypt,usdegp,04/04/2021,15.7106
egypt,usdegp,01/04/2021,15.7098
egypt,usdegp,31/03/2021,15.7091
egypt,usdegp,30/03/2021,15.7183
egypt,usdegp,29/03/2021,15.715
egypt,usdegp,28/03/2021,15.7231
egypt,usdegp,25/03/2021,15.7347
egypt,usdegp,24/03/2021,15.7616
egypt,usdegp,23/03/2021,15.7599
egypt,usdegp,22/03/2021,15.7331
egypt,usdegp,21/03/2021,15.7038
egypt,usdegp,18/03/2021,15.7114
egypt,usdegp,17/03/2021,15.7108
egypt,usdegp,16/03/2021,15.7078
egypt,usdegp,15/03/2021,15.7108
egypt,usdegp,14/03/2021,15.682
egypt,usdegp,11/03/2021,15.6903
egypt,usdegp,10/03/2021,15.732
egypt,usdegp,09/03/2021,15.7284
egypt,usdegp,08/03/2021,15.7291
egypt,usdegp,07/03/2021,15.7007
egypt,usdegp,04/03/2021,15.6881
egypt,usdegp,03/03/2021,15.6642
egypt,usdegp,02/03/2021,15.6966
egypt,usdegp,01/03/2021,15.7293
egypt,usdegp,28/02/2021,15.7091
egypt,usdegp,25/02/2021,15.6972
egypt,usdegp,24/02/2021,15.6802
egypt,usdegp,23/02/2021,15.6808
egypt,usdegp,22/02/2021,15.6767
egypt,usdegp,21/02/2021,15.659
egypt,usdegp,18/02/2021,15.665
egypt,usdegp,17/02/2021,15.6447
egypt,usdegp,16/02/2021,15.621
egypt,usdegp,15/02/2021,15.6104
egypt,usdegp,14/02/2021,15.6019
egypt,usdegp,11/02/2021,15.615
egypt,usdegp,10/02/2021,15.646
egypt,usdegp,09/02/2021,15.6468
egypt,usdegp,08/02/2021,15.6453
egypt,usdegp,07/02/2021,15.655
egypt,usdegp,04/02/2021,15.6744
egypt,usdegp,03/02/2021,15.7186
egypt,usdegp,02/02/2021,15.7298
egypt,usdegp,01/02/2021,15.729
egypt,usdegp,31/01/2021,15.7316
egypt,usdegp,27/01/2021,15.7319
egypt,usdegp,26/01/2021,15.7317
egypt,usdegp,25/01/2021,15.7295
egypt,usdegp,24/01/2021,15.7316
egypt,usdegp,21/01/2021,15.7306
egypt,usdegp,20/01/2021,15.7317
egypt,usdegp,19/01/2021,15.7148
egypt,usdegp,18/01/2021,15.702
egypt,usdegp,17/01/2021,15.6804
egypt,usdegp,14/01/2021,15.68
egypt,usdegp,13/01/2021,15.6784
egypt,usdegp,12/01/2021,15.6665
egypt,usdegp,11/01/2021,15.6491
egypt,usdegp,10/01/2021,15.6614
egypt,usdegp,06/01/2021,15.6854
egypt,usdegp,05/01/2021,15.6956
egypt,usdegp,04/01/2021,15.7256
egypt,usdegp,03/01/2021,15.7252
egypt,usdegp,31/12/2020,15.7321
egypt,usdegp,30/12/2020,15.739
egypt,usdegp,29/12/2020,15.7283
egypt,usdegp,28/12/2020,15.7176
egypt,usdegp,24/12/2020,15.703
egypt,usdegp,23/12/2020,15.6939
egypt,usdegp,22/12/2020,15.6909
egypt,usdegp,21/12/2020,15.6629
egypt,usdegp,20/12/2020,15.6655
egypt,usdegp,17/12/2020,15.7113
egypt,usdegp,16/12/2020,15.7009
egypt,usdegp,15/12/2020,15.7292
egypt,usdegp,14/12/2020,15.7225
egypt,usdegp,13/12/2020,15.7123
egypt,usdegp,10/12/2020,15.713
egypt,usdegp,09/12/2020,15.6949
egypt,usdegp,08/12/2020,15.6809
egypt,usdegp,07/12/2020,15.6723
egypt,usdegp,06/12/2020,15.6723
egypt,usdegp,03/12/2020,15.675
egypt,usdegp,02/12/2020,15.6649
egypt,usdegp,01/12/2020,15.6618
egypt,usdegp,30/11/2020,15.6609
egypt,usdegp,29/11/2020,15.6649
egypt,usdegp,26/11/2020,15.6622
egypt,usdegp,25/11/2020,15.6598
egypt,usdegp,24/11/2020,15.6518
egypt,usdegp,23/11/2020,15.6426
egypt,usdegp,22/11/2020,15.6266
egypt,usdegp,19/11/2020,15.6216
egypt,usdegp,18/11/2020,15.6237
egypt,usdegp,17/11/2020,15.6251
egypt,usdegp,16/11/2020,15.6445
egypt,usdegp,15/11/2020,15.6377
egypt,usdegp,12/11/2020,15.64
egypt,usdegp,11/11/2020,15.6514
egypt,usdegp,10/11/2020,15.645
egypt,usdegp,09/11/2020,15.6594
egypt,usdegp,08/11/2020,15.6689
egypt,usdegp,05/11/2020,15.6825
egypt,usdegp,04/11/2020,15.7223
egypt,usdegp,03/11/2020,15.7225
egypt,usdegp,02/11/2020,15.7206
egypt,usdegp,01/11/2020,15.712
egypt,usdegp,28/10/2020,15.7111
egypt,usdegp,27/10/2020,15.7092
egypt,usdegp,26/10/2020,15.7109
egypt,usdegp,25/10/2020,15.7053
egypt,usdegp,22/10/2020,15.7076
egypt,usdegp,21/10/2020,15.7059
egypt,usdegp,20/10/2020,15.6967
egypt,usdegp,19/10/2020,15.6936
egypt,usdegp,18/10/2020,15.6875
egypt,usdegp,15/10/2020,15.6855
egypt,usdegp,14/10/2020,15.6855
egypt,usdegp,13/10/2020,15.6803
egypt,usdegp,12/10/2020,15.6944
egypt,usdegp,11/10/2020,15.6907
egypt,usdegp,07/10/2020,15.7089
egypt,usdegp,06/10/2020,15.7204
egypt,usdegp,05/10/2020,15.7329
egypt,usdegp,04/10/2020,15.7273
egypt,usdegp,01/10/2020,15.7458
egypt,usdegp,30/09/2020,15.7625
egypt,usdegp,29/09/2020,15.7606
egypt,usdegp,28/09/2020,15.76
egypt,usdegp,27/09/2020,15.7625
egypt,usdegp,24/09/2020,15.7618
egypt,usdegp,23/09/2020,15.7609
egypt,usdegp,22/09/2020,15.7597
egypt,usdegp,21/09/2020,15.7345
egypt,usdegp,20/09/2020,15.7322
egypt,usdegp,17/09/2020,15.7402
egypt,usdegp,16/09/2020,15.7509
egypt,usdegp,15/09/2020,15.7575
egypt,usdegp,14/09/2020,15.7586
egypt,usdegp,13/09/2020,15.7495
egypt,usdegp,10/09/2020,15.7512
egypt,usdegp,09/09/2020,15.7856
egypt,usdegp,08/09/2020,15.789
egypt,usdegp,07/09/2020,15.7952
egypt,usdegp,06/09/2020,15.8032
egypt,usdegp,03/09/2020,15.8157
egypt,usdegp,02/09/2020,15.8449
egypt,usdegp,01/09/2020,15.8607
egypt,usdegp,31/08/2020,15.8554
egypt,usdegp,30/08/2020,15.86
egypt,usdegp,27/08/2020,15.8623
egypt,usdegp,26/08/2020,15.8729
egypt,usdegp,25/08/2020,15.8892
egypt,usdegp,24/08/2020,15.8898
egypt,usdegp,23/08/2020,15.9299
egypt,usdegp,19/08/2020,15.9316
egypt,usdegp,18/08/2020,15.9336
egypt,usdegp,17/08/2020,15.929
egypt,usdegp,16/08/2020,15.9252
egypt,usdegp,13/08/2020,15.9267
egypt,usdegp,12/08/2020,15.9635
egypt,usdegp,11/08/2020,15.9795
egypt,usdegp,10/08/2020,15.9789
egypt,usdegp,09/08/2020,15.9764
egypt,usdegp,06/08/2020,15.9685
egypt,usdegp,05/08/2020,15.9898
egypt,usdegp,04/08/2020,15.9855
egypt,usdegp,29/07/2020,15.9831
egypt,usdegp,28/07/2020,15.984
egypt,usdegp,27/07/2020,15.9869
egypt,usdegp,26/07/2020,15.9894
egypt,usdegp,22/07/2020,15.991
egypt,usdegp,21/07/2020,15.9793
egypt,usdegp,20/07/2020,15.9729
egypt,usdegp,19/07/2020,15.9707
egypt,usdegp,16/07/2020,15.9732
egypt,usdegp,15/07/2020,15.9694
egypt,usdegp,14/07/2020,15.9555
egypt,usdegp,13/07/2020,15.9488
egypt,usdegp,12/07/2020,15.9692
egypt,usdegp,09/07/2020,15.9883
egypt,usdegp,08/07/2020,16.0178
egypt,usdegp,07/07/2020,16.0397
egypt,usdegp,06/07/2020,16.0604
egypt,usdegp,05/07/2020,16.092
egypt,usdegp,30/06/2020,16.1384
egypt,usdegp,29/06/2020,16.1617
egypt,usdegp,28/06/2020,16.1727
egypt,usdegp,25/06/2020,16.1732
egypt,usdegp,24/06/2020,16.174
egypt,usdegp,23/06/2020,16.1701
egypt,usdegp,22/06/2020,16.1806
egypt,usdegp,21/06/2020,16.1758
egypt,usdegp,18/06/2020,16.1811
egypt,usdegp,17/06/2020,16.1831
egypt,usdegp,16/06/2020,16.1827
egypt,usdegp,15/06/2020,16.1842
egypt,usdegp,14/06/2020,16.1811
egypt,usdegp,11/06/2020,16.1768
egypt,usdegp,10/06/2020,16.1856
egypt,usdegp,09/06/2020,16.1799
egypt,usdegp,08/06/2020,16.1932
egypt,usdegp,07/06/2020,16.2213
egypt,usdegp,04/06/2020,16.2033
egypt,usdegp,03/06/2020,16.0825
egypt,usdegp,02/06/2020,15.9822
egypt,usdegp,01/06/2020,15.9329
egypt,usdegp,31/05/2020,15.8924
egypt,usdegp,30/05/2020,15.863
egypt,usdegp,21/05/2020,15.863
egypt,usdegp,20/05/2020,15.8255
egypt,usdegp,19/05/2020,15.793
egypt,usdegp,18/05/2020,15.7923
egypt,usdegp,17/05/2020,15.7537
egypt,usdegp,14/05/2020,15.7551
egypt,usdegp,13/05/2020,15.7552
egypt,usdegp,12/05/2020,15.7531
egypt,usdegp,11/05/2020,15.7541
egypt,usdegp,10/05/2020,15.7529
egypt,usdegp,07/05/2020,15.7544
egypt,usdegp,06/05/2020,15.7546
egypt,usdegp,05/05/2020,15.754
egypt,usdegp,04/05/2020,15.7543
egypt,usdegp,03/05/2020,15.7543
egypt,usdegp,30/04/2020,15.754
egypt,usdegp,29/04/2020,15.7543
egypt,usdegp,28/04/2020,15.7543
egypt,usdegp,27/04/2020,15.7542
egypt,usdegp,26/04/2020,15.7545
egypt,usdegp,23/04/2020,15.7536
egypt,usdegp,22/04/2020,15.7546
egypt,usdegp,21/04/2020,15.7547
egypt,usdegp,16/04/2020,15.7537
egypt,usdegp,15/04/2020,15.7537
egypt,usdegp,14/04/2020,15.7532
egypt,usdegp,13/04/2020,15.7532
egypt,usdegp,12/04/2020,15.7532
egypt,usdegp,09/04/2020,15.7532
egypt,usdegp,08/04/2020,15.7545
egypt,usdegp,07/04/2020,15.753
egypt,usdegp,06/04/2020,15.7532
egypt,usdegp,05/04/2020,15.7528
egypt,usdegp,02/04/2020,15.7531
egypt,usdegp,01/04/2020,15.7523
egypt,usdegp,31/03/2020,15.7532
egypt,usdegp,30/03/2020,15.7531
egypt,usdegp,29/03/2020,15.7536
egypt,usdegp,26/03/2020,15.7531
egypt,usdegp,25/03/2020,15.7535
egypt,usdegp,24/03/2020,15.753
egypt,usdegp,23/03/2020,15.7521
egypt,usdegp,22/03/2020,15.7534
egypt,usdegp,19/03/2020,15.7548
egypt,usdegp,18/03/2020,15.753
egypt,usdegp,17/03/2020,15.7537
egypt,usdegp,16/03/2020,15.7547
egypt,usdegp,15/03/2020,15.7531
egypt,usdegp,11/03/2020,15.7238
egypt,usdegp,10/03/2020,15.7265
egypt,usdegp,09/03/2020,15.7152
egypt,usdegp,08/03/2020,15.6498
egypt,usdegp,05/03/2020,15.6302
egypt,usdegp,04/03/2020,15.6489
egypt,usdegp,03/03/2020,15.6517
egypt,usdegp,02/03/2020,15.6502
egypt,usdegp,01/03/2020,15.6381
egypt,usdegp,27/02/2020,15.6165
egypt,usdegp,26/02/2020,15.6002
egypt,usdegp,25/02/2020,15.5825
egypt,usdegp,24/02/2020,15.5599
egypt,usdegp,23/02/2020,15.5498
egypt,usdegp,20/02/2020,15.5622
egypt,usdegp,19/02/2020,15.601
egypt,usdegp,18/02/2020,15.6259
egypt,usdegp,17/02/2020,15.6482
egypt,usdegp,16/02/2020,15.6474
egypt,usdegp,13/02/2020,15.6945
egypt,usdegp,12/02/2020,15.7138
egypt,usdegp,11/02/2020,15.7132
egypt,usdegp,10/02/2020,15.7217
egypt,usdegp,09/02/2020,15.7502
egypt,usdegp,06/02/2020,15.7654
egypt,usdegp,05/02/2020,15.7886
egypt,usdegp,04/02/2020,15.8044
egypt,usdegp,03/02/2020,15.8098
egypt,usdegp,02/02/2020,15.802
egypt,usdegp,30/01/2020,15.8079
egypt,usdegp,29/01/2020,15.801
egypt,usdegp,28/01/2020,15.8022
egypt,usdegp,27/01/2020,15.7876
egypt,usdegp,26/01/2020,15.7798
egypt,usdegp,23/01/2020,15.796
egypt,usdegp,22/01/2020,15.8009
egypt,usdegp,21/01/2020,15.791
egypt,usdegp,20/01/2020,15.7897
egypt,usdegp,19/01/2020,15.8177
egypt,usdegp,16/01/2020,15.8231
egypt,usdegp,15/01/2020,15.8561
egypt,usdegp,14/01/2020,15.8813
egypt,usdegp,13/01/2020,15.9122
egypt,usdegp,12/01/2020,15.9417
egypt,usdegp,09/01/2020,15.9822
egypt,usdegp,08/01/2020,16.0582
egypt,usdegp,06/01/2020,16.055
egypt,usdegp,05/01/2020,16.048
egypt,usdegp,02/01/2020,16.037
egypt,usdegp,31/12/2019,16.0415
egypt,usdegp,30/12/2019,16.0462
egypt,usdegp,29/12/2019,16.0482
egypt,usdegp,26/12/2019,16.0465
egypt,usdegp,25/12/2019,16.0497
egypt,usdegp,24/12/2019,16.053
egypt,usdegp,23/12/2019,16.044
egypt,usdegp,22/12/2019,16.04
egypt,usdegp,19/12/2019,16.0348
egypt,usdegp,18/12/2019,16.0456
egypt,usdegp,17/12/2019,16.03
egypt,usdegp,16/12/2019,16.0369
egypt,usdegp,15/12/2019,16.0951
egypt,usdegp,12/12/2019,16.1413
egypt,usdegp,11/12/2019,16.1442
egypt,usdegp,10/12/2019,16.1391
egypt,usdegp,09/12/2019,16.1424
egypt,usdegp,08/12/2019,16.1311
egypt,usdegp,05/12/2019,16.1315
egypt,usdegp,04/12/2019,16.1264
egypt,usdegp,03/12/2019,16.1237
egypt,usdegp,02/12/2019,16.1237
egypt,usdegp,01/12/2019,16.122
egypt,usdegp,28/11/2019,16.1224
egypt,usdegp,27/11/2019,16.1199
egypt,usdegp,26/11/2019,16.122
egypt,usdegp,25/11/2019,16.1237
egypt,usdegp,24/11/2019,16.116
egypt,usdegp,21/11/2019,16.1144
egypt,usdegp,20/11/2019,16.1083
egypt,usdegp,19/11/2019,16.0997
egypt,usdegp,18/11/2019,16.1241
egypt,usdegp,17/11/2019,16.116
egypt,usdegp,14/11/2019,16.1173
egypt,usdegp,13/11/2019,16.1376
egypt,usdegp,12/11/2019,16.1495
egypt,usdegp,11/11/2019,16.1484
egypt,usdegp,07/11/2019,16.1479
egypt,usdegp,06/11/2019,16.1408
egypt,usdegp,05/11/2019,16.1349
egypt,usdegp,04/11/2019,16.1386
egypt,usdegp,03/11/2019,16.1302
egypt,usdegp,31/10/2019,16.1388
egypt,usdegp,30/10/2019,16.1468
egypt,usdegp,29/10/2019,16.1377
egypt,usdegp,28/10/2019,16.1304
egypt,usdegp,27/10/2019,16.1342
egypt,usdegp,24/10/2019,16.1376
egypt,usdegp,23/10/2019,16.1813
egypt,usdegp,22/10/2019,16.1982
egypt,usdegp,21/10/2019,16.2114
egypt,usdegp,20/10/2019,16.2245
egypt,usdegp,17/10/2019,16.234
egypt,usdegp,16/10/2019,16.2193
egypt,usdegp,15/10/2019,16.227
egypt,usdegp,14/10/2019,16.2473
egypt,usdegp,13/10/2019,16.2556
egypt,usdegp,10/10/2019,16.2734
egypt,usdegp,09/10/2019,16.2978
egypt,usdegp,08/10/2019,16.3077
egypt,usdegp,07/10/2019,16.3047
egypt,usdegp,03/10/2019,16.3019
egypt,usdegp,02/10/2019,16.296
egypt,usdegp,01/10/2019,16.271
egypt,usdegp,30/09/2019,16.2721
egypt,usdegp,29/09/2019,16.2592
egypt,usdegp,26/09/2019,16.3219
egypt,usdegp,25/09/2019,16.3195
egypt,usdegp,24/09/2019,16.3081
egypt,usdegp,23/09/2019,16.3042
egypt,usdegp,22/09/2019,16.2875
egypt,usdegp,19/09/2019,16.2903
egypt,usdegp,18/09/2019,16.3255
egypt,usdegp,17/09/2019,16.3429
egypt,usdegp,16/09/2019,16.3607
egypt,usdegp,15/09/2019,16.3815
egypt,usdegp,12/09/2019,16.4182
egypt,usdegp,11/09/2019,16.4421
egypt,usdegp,10/09/2019,16.4498
egypt,usdegp,09/09/2019,16.473
egypt,usdegp,08/09/2019,16.4702
egypt,usdegp,05/09/2019,16.4864
egypt,usdegp,04/09/2019,16.5327
egypt,usdegp,03/09/2019,16.563
egypt,usdegp,02/09/2019,16.5642
egypt,usdegp,01/09/2019,16.5613
egypt,usdegp,29/08/2019,16.5586
egypt,usdegp,28/08/2019,16.556
egypt,usdegp,27/08/2019,16.5576
egypt,usdegp,26/08/2019,16.5446
egypt,usdegp,25/08/2019,16.5705
egypt,usdegp,22/08/2019,16.5985
egypt,usdegp,21/08/2019,16.5978
egypt,usdegp,20/08/2019,16.5986
egypt,usdegp,19/08/2019,16.5945
egypt,usdegp,18/08/2019,16.5969
egypt,usdegp,15/08/2019,16.5936
egypt,usdegp,14/08/2019,16.585
egypt,usdegp,08/08/2019,16.5645
egypt,usdegp,07/08/2019,16.5536
egypt,usdegp,06/08/2019,16.5569
egypt,usdegp,05/08/2019,16.5462
egypt,usdegp,04/08/2019,16.5373
egypt,usdegp,01/08/2019,16.5568
egypt,usdegp,31/07/2019,16.5604
egypt,usdegp,30/07/2019,16.5628
egypt,usdegp,29/07/2019,16.5834
egypt,usdegp,28/07/2019,16.5878
egypt,usdegp,25/07/2019,16.5893
egypt,usdegp,24/07/2019,16.6019
egypt,usdegp,22/07/2019,16.6217
egypt,usdegp,21/07/2019,16.6166
egypt,usdegp,18/07/2019,16.6183
egypt,usdegp,17/07/2019,16.614
egypt,usdegp,16/07/2019,16.6078
egypt,usdegp,15/07/2019,16.6065
egypt,usdegp,14/07/2019,16.6049
egypt,usdegp,11/07/2019,16.6165
egypt,usdegp,10/07/2019,16.6152
egypt,usdegp,09/07/2019,16.6095
egypt,usdegp,08/07/2019,16.6058
egypt,usdegp,07/07/2019,16.61
egypt,usdegp,04/07/2019,16.6117
egypt,usdegp,03/07/2019,16.6138
egypt,usdegp,02/07/2019,16.6296
egypt,usdegp,27/06/2019,16.7057
egypt,usdegp,26/06/2019,16.7055
egypt,usdegp,25/06/2019,16.7038
egypt,usdegp,24/06/2019,16.701
egypt,usdegp,23/06/2019,16.6896
egypt,usdegp,20/06/2019,16.6902
egypt,usdegp,19/06/2019,16.7414
egypt,usdegp,18/06/2019,16.7663
egypt,usdegp,17/06/2019,16.7523
egypt,usdegp,16/06/2019,16.7474
egypt,usdegp,13/06/2019,16.7512
egypt,usdegp,12/06/2019,16.7395
egypt,usdegp,11/06/2019,16.737
egypt,usdegp,10/06/2019,16.7395
egypt,usdegp,09/06/2019,16.7602
egypt,usdegp,03/06/2019,16.7601
egypt,usdegp,02/06/2019,16.7704
egypt,usdegp,30/05/2019,16.8058
egypt,usdegp,29/05/2019,16.824
egypt,usdegp,28/05/2019,16.8227
egypt,usdegp,27/05/2019,16.8268
egypt,usdegp,26/05/2019,16.8551
egypt,usdegp,23/05/2019,16.8725
egypt,usdegp,22/05/2019,16.9955
egypt,usdegp,21/05/2019,17.0237
egypt,usdegp,20/05/2019,17.0245
egypt,usdegp,19/05/2019,17.0409
egypt,usdegp,16/05/2019,17.0424
egypt,usdegp,15/05/2019,17.0789
egypt,usdegp,14/05/2019,17.0752
egypt,usdegp,13/05/2019,17.0781
egypt,usdegp,12/05/2019,17.1252
egypt,usdegp,09/05/2019,17.1288
egypt,usdegp,08/05/2019,17.1582
egypt,usdegp,07/05/2019,17.1558
egypt,usdegp,06/05/2019,17.1571
egypt,usdegp,05/05/2019,17.1662
egypt,usdegp,02/05/2019,17.1739
egypt,usdegp,30/04/2019,17.1736
egypt,usdegp,23/04/2019,17.1691
egypt,usdegp,22/04/2019,17.1676
egypt,usdegp,21/04/2019,17.1664
egypt,usdegp,18/04/2019,17.1893
egypt,usdegp,17/04/2019,17.2638
egypt,usdegp,16/04/2019,17.3196
egypt,usdegp,15/04/2019,17.3167
egypt,usdegp,14/04/2019,17.305
egypt,usdegp,11/04/2019,17.3272
egypt,usdegp,10/04/2019,17.3287
egypt,usdegp,09/04/2019,17.3221
egypt,usdegp,08/04/2019,17.3262
egypt,usdegp,07/04/2019,17.3235
egypt,usdegp,04/04/2019,17.3249
egypt,usdegp,03/04/2019,17.3252
egypt,usdegp,02/04/2019,17.3234
egypt,usdegp,01/04/2019,17.3245
egypt,usdegp,31/03/2019,17.3196
egypt,usdegp,28/03/2019,17.323
egypt,usdegp,27/03/2019,17.3239
egypt,usdegp,26/03/2019,17.3022
egypt,usdegp,25/03/2019,17.2912
egypt,usdegp,24/03/2019,17.2847
egypt,usdegp,21/03/2019,17.2873
egypt,usdegp,20/03/2019,17.295
egypt,usdegp,19/03/2019,17.2922
egypt,usdegp,18/03/2019,17.3316
egypt,usdegp,17/03/2019,17.3848
egypt,usdegp,14/03/2019,17.3939
egypt,usdegp,13/03/2019,17.4155
egypt,usdegp,12/03/2019,17.4334
egypt,usdegp,11/03/2019,17.4343
egypt,usdegp,10/03/2019,17.4411
egypt,usdegp,07/03/2019,17.448
egypt,usdegp,06/03/2019,17.4845
egypt,usdegp,05/03/2019,17.488
egypt,usdegp,04/03/2019,17.5167
egypt,usdegp,03/03/2019,17.5271
egypt,usdegp,28/02/2019,17.5311
egypt,usdegp,27/02/2019,17.5286
egypt,usdegp,26/02/2019,17.5285
egypt,usdegp,25/02/2019,17.5269
egypt,usdegp,24/02/2019,17.5371
egypt,usdegp,21/02/2019,17.5393
egypt,usdegp,20/02/2019,17.569
egypt,usdegp,19/02/2019,17.565
egypt,usdegp,18/02/2019,17.5617
egypt,usdegp,17/02/2019,17.5524
egypt,usdegp,14/02/2019,17.5522
egypt,usdegp,13/02/2019,17.6083
egypt,usdegp,12/02/2019,17.6125
egypt,usdegp,11/02/2019,17.6099
egypt,usdegp,10/02/2019,17.6112
egypt,usdegp,07/02/2019,17.611
egypt,usdegp,06/02/2019,17.606
egypt,usdegp,05/02/2019,17.628
egypt,usdegp,04/02/2019,17.6707
egypt,usdegp,03/02/2019,17.6657
egypt,usdegp,31/01/2019,17.6599
egypt,usdegp,30/01/2019,17.6374
egypt,usdegp,29/01/2019,17.6318
egypt,usdegp,28/01/2019,17.6286
egypt,usdegp,27/01/2019,17.7
egypt,usdegp,23/01/2019,17.9148
egypt,usdegp,22/01/2019,17.9178
egypt,usdegp,21/01/2019,17.9176
egypt,usdegp,20/01/2019,17.9183
egypt,usdegp,17/01/2019,17.9186
egypt,usdegp,16/01/2019,17.9157
egypt,usdegp,15/01/2019,17.918
egypt,usdegp,14/01/2019,17.9173
egypt,usdegp,13/01/2019,17.9168
egypt,usdegp,10/01/2019,17.9179
egypt,usdegp,09/01/2019,17.9172
egypt,usdegp,08/01/2019,17.918
egypt,usdegp,06/01/2019,17.9134
egypt,usdegp,03/01/2019,17.9141
egypt,usdegp,02/01/2019,17.9136
egypt,usdegp,31/12/2018,17.9166
egypt,usdegp,30/12/2018,17.9143
egypt,usdegp,27/12/2018,17.9143
egypt,usdegp,26/12/2018,17.9157
egypt,usdegp,25/12/2018,17.9151
egypt,usdegp,24/12/2018,17.9171
egypt,usdegp,23/12/2018,17.9142
egypt,usdegp,20/12/2018,17.9124
egypt,usdegp,19/12/2018,17.9159
egypt,usdegp,18/12/2018,17.9159
egypt,usdegp,17/12/2018,17.9147
egypt,usdegp,16/12/2018,17.9125
egypt,usdegp,13/12/2018,17.9146
egypt,usdegp,12/12/2018,17.9115
egypt,usdegp,11/12/2018,17.9143
egypt,usdegp,10/12/2018,17.9123
egypt,usdegp,09/12/2018,17.9155
egypt,usdegp,06/12/2018,17.914
egypt,usdegp,05/12/2018,17.916
egypt,usdegp,04/12/2018,17.9126
egypt,usdegp,03/12/2018,17.9125
egypt,usdegp,02/12/2018,17.9119
egypt,usdegp,29/11/2018,17.9187
egypt,usdegp,28/11/2018,17.9164
egypt,usdegp,27/11/2018,17.9185
egypt,usdegp,26/11/2018,17.9162
egypt,usdegp,25/11/2018,17.9151
egypt,usdegp,22/11/2018,17.9158
egypt,usdegp,21/11/2018,17.9151
egypt,usdegp,19/11/2018,17.9114
egypt,usdegp,18/11/2018,17.9159
egypt,usdegp,15/11/2018,17.9189
egypt,usdegp,14/11/2018,17.9145
egypt,usdegp,13/11/2018,17.9151
egypt,usdegp,12/11/2018,17.9123
egypt,usdegp,11/11/2018,17.9123
egypt,usdegp,08/11/2018,17.9133
egypt,usdegp,07/11/2018,17.9123
egypt,usdegp,06/11/2018,17.9146
egypt,usdegp,05/11/2018,17.9111
egypt,usdegp,04/11/2018,17.908
egypt,usdegp,01/11/2018,17.9095
egypt,usdegp,31/10/2018,17.9091
egypt,usdegp,30/10/2018,17.9172
egypt,usdegp,29/10/2018,17.9124
egypt,usdegp,28/10/2018,17.9151
egypt,usdegp,25/10/2018,17.9176
egypt,usdegp,24/10/2018,17.9174
egypt,usdegp,23/10/2018,17.9163
egypt,usdegp,22/10/2018,17.9105
egypt,usdegp,21/10/2018,17.9104
egypt,usdegp,18/10/2018,17.9098
egypt,usdegp,17/10/2018,17.9157
egypt,usdegp,16/10/2018,17.9118
egypt,usdegp,15/10/2018,17.9118
egypt,usdegp,14/10/2018,17.9108
egypt,usdegp,11/10/2018,17.9114
egypt,usdegp,10/10/2018,17.9114
egypt,usdegp,09/10/2018,17.9088
egypt,usdegp,08/10/2018,17.9124
egypt,usdegp,04/10/2018,17.9138
egypt,usdegp,03/10/2018,17.9127
egypt,usdegp,02/10/2018,17.9145
egypt,usdegp,01/10/2018,17.9145
egypt,usdegp,30/09/2018,17.9154
egypt,usdegp,27/09/2018,17.9144
egypt,usdegp,26/09/2018,17.9119
egypt,usdegp,25/09/2018,17.9098
egypt,usdegp,24/09/2018,17.9198
egypt,usdegp,23/09/2018,17.9121
egypt,usdegp,20/09/2018,17.9125
egypt,usdegp,19/09/2018,17.9078
egypt,usdegp,18/09/2018,17.9134
egypt,usdegp,17/09/2018,17.9148
egypt,usdegp,16/09/2018,17.9103
egypt,usdegp,13/09/2018,17.9123
egypt,usdegp,12/09/2018,17.9108
egypt,usdegp,10/09/2018,17.9094
egypt,usdegp,09/09/2018,17.913
egypt,usdegp,06/09/2018,17.9086
egypt,usdegp,05/09/2018,17.9097
egypt,usdegp,04/09/2018,17.9042
egypt,usdegp,03/09/2018,17.9035
egypt,usdegp,02/09/2018,17.9034
egypt,usdegp,30/08/2018,17.9036
egypt,usdegp,29/08/2018,17.9036
egypt,usdegp,28/08/2018,17.8964
egypt,usdegp,27/08/2018,17.8904
egypt,usdegp,26/08/2018,17.8915
egypt,usdegp,19/08/2018,17.9
egypt,usdegp,16/08/2018,17.9
egypt,usdegp,15/08/2018,17.8951
egypt,usdegp,14/08/2018,17.8829
egypt,usdegp,13/08/2018,17.8772
egypt,usdegp,12/08/2018,17.8688
egypt,usdegp,09/08/2018,17.8692
egypt,usdegp,08/08/2018,17.8749
egypt,usdegp,07/08/2018,17.8748
egypt,usdegp,05/08/2018,17.87
egypt,usdegp,04/08/2018,17.87
egypt,usdegp,03/08/2018,17.87
egypt,usdegp,02/08/2018,17.87
egypt,usdegp,01/08/2018,17.87
egypt,usdegp,31/07/2018,17.8675
egypt,usdegp,30/07/2018,17.8948
egypt,usdegp,29/07/2018,17.8948
egypt,usdegp,28/07/2018,17.8948
egypt,usdegp,27/07/2018,17.8918
egypt,usdegp,26/07/2018,17.8918
egypt,usdegp,25/07/2018,17.8936
egypt,usdegp,24/07/2018,17.8937
egypt,usdegp,22/07/2018,17.8928
egypt,usdegp,21/07/2018,17.8928
egypt,usdegp,20/07/2018,17.8933
egypt,usdegp,19/07/2018,17.8933
egypt,usdegp,18/07/2018,17.8916
egypt,usdegp,17/07/2018,17.8916
egypt,usdegp,16/07/2018,17.8907
egypt,usdegp,15/07/2018,17.89
egypt,usdegp,12/07/2018,17.8905
egypt,usdegp,11/07/2018,17.888
egypt,usdegp,10/07/2018,17.889
egypt,usdegp,09/07/2018,17.8872
egypt,usdegp,08/07/2018,17.8872
egypt,usdegp,07/07/2018,17.8872
egypt,usdegp,06/07/2018,17.8843
egypt,usdegp,05/07/2018,17.8843
egypt,usdegp,04/07/2018,17.8787
egypt,usdegp,03/07/2018,17.8921
egypt,usdegp,02/07/2018,17.8936
egypt,usdegp,30/06/2018,17.8936
egypt,usdegp,29/06/2018,17.8878
egypt,usdegp,28/06/2018,17.8878
egypt,usdegp,27/06/2018,17.8865
egypt,usdegp,26/06/2018,17.8801
egypt,usdegp,25/06/2018,17.8836
egypt,usdegp,24/06/2018,17.8824
egypt,usdegp,23/06/2018,17.8824
egypt,usdegp,22/06/2018,17.88
egypt,usdegp,21/06/2018,17.88
egypt,usdegp,20/06/2018,17.8701
egypt,usdegp,19/06/2018,17.8525
egypt,usdegp,14/06/2018,17.8606
egypt,usdegp,13/06/2018,17.8514
egypt,usdegp,12/06/2018,17.85
egypt,usdegp,11/06/2018,17.85
egypt,usdegp,10/06/2018,17.8568
egypt,usdegp,09/06/2018,17.8568
egypt,usdegp,08/06/2018,17.8703
egypt,usdegp,07/06/2018,17.8703
egypt,usdegp,06/06/2018,17.8864
egypt,usdegp,05/06/2018,17.8959
egypt,usdegp,04/06/2018,17.8934
egypt,usdegp,03/06/2018,17.8974
egypt,usdegp,02/06/2018,17.9044
egypt,usdegp,01/06/2018,17.9044
egypt,usdegp,31/05/2018,17.9044
egypt,usdegp,30/05/2018,17.9154
egypt,usdegp,29/05/2018,17.9174
egypt,usdegp,28/05/2018,17.9174
egypt,usdegp,27/05/2018,17.9124
egypt,usdegp,26/05/2018,17.9124
egypt,usdegp,25/05/2018,17.9114
egypt,usdegp,24/05/2018,17.9114
egypt,usdegp,23/05/2018,17.9108
egypt,usdegp,22/05/2018,17.9097
egypt,usdegp,21/05/2018,17.9064
egypt,usdegp,20/05/2018,17.9034
egypt,usdegp,19/05/2018,17.8982
egypt,usdegp,18/05/2018,17.8982
egypt,usdegp,17/05/2018,17.8982
egypt,usdegp,16/05/2018,17.9183
egypt,usdegp,15/05/2018,17.8349
egypt,usdegp,14/05/2018,17.8205
egypt,usdegp,13/05/2018,17.801
egypt,usdegp,12/05/2018,17.783
egypt,usdegp,11/05/2018,17.783
egypt,usdegp,10/05/2018,17.783
egypt,usdegp,09/05/2018,17.7554
egypt,usdegp,08/05/2018,17.7298
egypt,usdegp,07/05/2018,17.6952
egypt,usdegp,06/05/2018,17.6761
egypt,usdegp,03/05/2018,17.6618
egypt,usdegp,02/05/2018,17.6565
egypt,usdegp,01/05/2018,17.6566
egypt,usdegp,30/04/2018,17.6727
egypt,usdegp,29/04/2018,17.6977
egypt,usdegp,26/04/2018,17.7
egypt,usdegp,24/04/2018,17.7009
egypt,usdegp,23/04/2018,17.6948
egypt,usdegp,22/04/2018,17.6998
egypt,usdegp,18/04/2018,17.6982
egypt,usdegp,17/04/2018,17.6944
egypt,usdegp,16/04/2018,17.689
egypt,usdegp,15/04/2018,17.6819
egypt,usdegp,12/04/2018,17.6817
egypt,usdegp,11/04/2018,17.6762
egypt,usdegp,10/04/2018,17.6752
egypt,usdegp,05/04/2018,17.676
egypt,usdegp,04/04/2018,17.6683
egypt,usdegp,03/04/2018,17.6541
egypt,usdegp,02/04/2018,17.6485
egypt,usdegp,01/04/2018,17.6391
egypt,usdegp,29/03/2018,17.6441
egypt,usdegp,28/03/2018,17.6427
egypt,usdegp,25/03/2018,17.6377
egypt,usdegp,22/03/2018,17.6352
egypt,usdegp,21/03/2018,17.6333
egypt,usdegp,20/03/2018,17.6333
egypt,usdegp,19/03/2018,17.6334
egypt,usdegp,18/03/2018,17.6163
egypt,usdegp,18/03/2018,17.6226
egypt,usdegp,17/03/2018,17.625
egypt,usdegp,15/03/2018,17.6181
egypt,usdegp,14/03/2018,17.6226
egypt,usdegp,12/03/2018,17.619
egypt,usdegp,11/03/2018,17.6143
egypt,usdegp,08/03/2018,17.6162
egypt,usdegp,07/03/2018,17.618
egypt,usdegp,06/03/2018,17.6177
egypt,usdegp,05/03/2018,17.6104
egypt,usdegp,04/03/2018,17.6273
egypt,usdegp,01/03/2018,17.6302
egypt,usdegp,28/02/2018,17.638
egypt,usdegp,27/02/2018,17.6335
egypt,usdegp,26/02/2018,17.6592
egypt,usdegp,25/02/2018,17.6849
egypt,usdegp,22/02/2018,17.6849
egypt,usdegp,21/02/2018,17.6932
egypt,usdegp,20/02/2018,17.6861
egypt,usdegp,19/02/2018,17.6837
egypt,usdegp,18/02/2018,17.676
egypt,usdegp,15/02/2018,17.6939
egypt,usdegp,14/02/2018,17.6996
egypt,usdegp,13/02/2018,17.6987
egypt,usdegp,12/02/2018,17.6869
egypt,usdegp,11/02/2018,17.6744
egypt,usdegp,08/02/2018,17.6642
egypt,usdegp,07/02/2018,17.6585
egypt,usdegp,06/02/2018,17.6527
egypt,usdegp,05/02/2018,17.6706
egypt,usdegp,04/02/2018,17.6611
egypt,usdegp,01/02/2018,17.6639
egypt,usdegp,31/01/2018,17.6717
egypt,usdegp,30/01/2018,17.6666
egypt,usdegp,29/01/2018,17.6676
egypt,usdegp,28/01/2018,17.6879
egypt,usdegp,24/01/2018,17.706
egypt,usdegp,23/01/2018,17.7106
egypt,usdegp,22/01/2018,17.7059
egypt,usdegp,21/01/2018,17.6998
egypt,usdegp,18/01/2018,17.7015
egypt,usdegp,17/01/2018,17.7014
egypt,usdegp,16/01/2018,17.716
egypt,usdegp,15/01/2018,17.7174
egypt,usdegp,14/01/2018,17.7086
egypt,usdegp,11/01/2018,17.7057
egypt,usdegp,10/01/2018,17.7009
egypt,usdegp,09/01/2018,17.6834
egypt,usdegp,08/01/2018,17.6918
egypt,usdegp,04/01/2018,17.7036
egypt,usdegp,03/01/2018,17.7127
egypt,usdegp,02/01/2018,17.7277
egypt,usdegp,31/12/2017,17.7277
egypt,usdegp,28/12/2017,17.7844
egypt,usdegp,27/12/2017,17.818
egypt,usdegp,26/12/2017,17.8203
egypt,usdegp,25/12/2017,17.8332
egypt,usdegp,24/12/2017,17.8302
egypt,usdegp,21/12/2017,17.8344
egypt,usdegp,20/12/2017,17.826
egypt,usdegp,19/12/2017,17.8266
egypt,usdegp,18/12/2017,17.8255
egypt,usdegp,17/12/2017,17.8202
egypt,usdegp,14/12/2017,17.8229
egypt,usdegp,13/12/2017,17.8218
egypt,usdegp,12/12/2017,17.8162
egypt,usdegp,11/12/2017,17.8114
egypt,usdegp,10/12/2017,17.8146
egypt,usdegp,07/12/2017,17.8059
egypt,usdegp,06/12/2017,17.7677
egypt,usdegp,05/12/2017,17.7438
egypt,usdegp,04/12/2017,17.715
egypt,usdegp,03/12/2017,17.6997
egypt,usdegp,29/11/2017,17.7235
egypt,usdegp,28/11/2017,17.7422
egypt,usdegp,27/11/2017,17.7179
egypt,usdegp,26/11/2017,17.6971
egypt,usdegp,23/11/2017,17.6959
egypt,usdegp,22/11/2017,17.6877
egypt,usdegp,21/11/2017,17.6564
egypt,usdegp,20/11/2017,17.6523
egypt,usdegp,19/11/2017,17.6443
egypt,usdegp,16/11/2017,17.6447
egypt,usdegp,15/11/2017,17.6405
egypt,usdegp,14/11/2017,17.6384
egypt,usdegp,13/11/2017,17.6357
egypt,usdegp,12/11/2017,17.6448
egypt,usdegp,09/11/2017,17.6474
egypt,usdegp,08/11/2017,17.6454
egypt,usdegp,07/11/2017,17.6463
egypt,usdegp,06/11/2017,17.6459
egypt,usdegp,05/11/2017,17.6464
egypt,usdegp,02/11/2017,17.6401
egypt,usdegp,01/11/2017,17.6433
egypt,usdegp,31/10/2017,17.6487
egypt,usdegp,30/10/2017,17.6496
egypt,usdegp,29/10/2017,17.651
egypt,usdegp,26/10/2017,17.6477
egypt,usdegp,25/10/2017,17.6473
egypt,usdegp,24/10/2017,17.6458
egypt,usdegp,23/10/2017,17.644
egypt,usdegp,22/10/2017,17.6453
egypt,usdegp,19/10/2017,17.6452
egypt,usdegp,18/10/2017,17.6443
egypt,usdegp,17/10/2017,17.6457
egypt,usdegp,16/10/2017,17.6446
egypt,usdegp,15/10/2017,17.6344
egypt,usdegp,12/10/2017,17.6339
egypt,usdegp,11/10/2017,17.6339
egypt,usdegp,10/10/2017,17.6313
egypt,usdegp,09/10/2017,17.6316
egypt,usdegp,08/10/2017,17.6347
egypt,usdegp,04/10/2017,17.6455
egypt,usdegp,03/10/2017,17.6477
egypt,usdegp,02/10/2017,17.6428
egypt,usdegp,01/10/2017,17.6387
egypt,usdegp,28/09/2017,17.6486
egypt,usdegp,27/09/2017,17.6565
egypt,usdegp,26/09/2017,17.6591
egypt,usdegp,25/09/2017,17.6596
egypt,usdegp,24/09/2017,17.6581
egypt,usdegp,20/09/2017,17.6587
egypt,usdegp,19/09/2017,17.6611
egypt,usdegp,18/09/2017,17.6592
egypt,usdegp,17/09/2017,17.661
egypt,usdegp,14/09/2017,17.6603
egypt,usdegp,13/09/2017,17.6585
egypt,usdegp,12/09/2017,17.6622
egypt,usdegp,11/09/2017,17.6632
egypt,usdegp,10/09/2017,17.657
egypt,usdegp,07/09/2017,17.654
egypt,usdegp,06/09/2017,17.6541
egypt,usdegp,05/09/2017,17.6512
egypt,usdegp,30/08/2017,17.655
egypt,usdegp,29/08/2017,17.6732
egypt,usdegp,28/08/2017,17.6739
egypt,usdegp,27/08/2017,17.7078
egypt,usdegp,24/08/2017,17.7225
egypt,usdegp,23/08/2017,17.728
egypt,usdegp,22/08/2017,17.7466
egypt,usdegp,21/08/2017,17.7494
egypt,usdegp,20/08/2017,17.7543
egypt,usdegp,17/08/2017,17.7605
egypt,usdegp,16/08/2017,17.7642
egypt,usdegp,15/08/2017,17.7643
egypt,usdegp,14/08/2017,17.7602
egypt,usdegp,13/08/2017,17.7762
egypt,usdegp,10/08/2017,17.7816
egypt,usdegp,09/08/2017,17.7849
egypt,usdegp,08/08/2017,17.78
egypt,usdegp,07/08/2017,17.7821
egypt,usdegp,07/08/2017,18.0778
egypt,usdegp,06/08/2017,17.7833
egypt,usdegp,03/08/2017,17.8133
egypt,usdegp,02/08/2017,17.8395
egypt,usdegp,01/08/2017,17.8897
egypt,usdegp,31/07/2017,17.8865
egypt,usdegp,30/07/2017,17.8861
egypt,usdegp,27/07/2017,17.8793
egypt,usdegp,26/07/2017,17.8963
egypt,usdegp,25/07/2017,17.8981
egypt,usdegp,24/07/2017,17.8792
egypt,usdegp,20/07/2017,17.8781
egypt,usdegp,19/07/2017,17.9291
egypt,usdegp,18/07/2017,17.9295
egypt,usdegp,17/07/2017,17.9451
egypt,usdegp,16/07/2017,17.9397
egypt,usdegp,13/07/2017,17.9288
egypt,usdegp,12/07/2017,17.9033
egypt,usdegp,11/07/2017,17.89
egypt,usdegp,10/07/2017,17.8823
egypt,usdegp,09/07/2017,17.8764
egypt,usdegp,06/07/2017,17.8798
egypt,usdegp,05/07/2017,17.8828
egypt,usdegp,04/07/2017,17.8914
egypt,usdegp,03/07/2017,17.9447
egypt,usdegp,02/07/2017,18.0897
egypt,usdegp,28/06/2017,18.0911
egypt,usdegp,22/06/2017,18.0923
egypt,usdegp,21/06/2017,18.0982
egypt,usdegp,20/06/2017,18.097
egypt,usdegp,19/06/2017,18.0987
egypt,usdegp,18/06/2017,18.0961
egypt,usdegp,15/06/2017,18.093
egypt,usdegp,14/06/2017,18.0908
egypt,usdegp,13/06/2017,18.0906
egypt,usdegp,12/06/2017,18.0876
egypt,usdegp,11/06/2017,18.0859
egypt,usdegp,08/06/2017,18.0884
egypt,usdegp,07/06/2017,18.0901
egypt,usdegp,06/06/2017,18.082
egypt,usdegp,05/06/2017,18.083
egypt,usdegp,04/06/2017,18.0739
egypt,usdegp,01/06/2017,18.0774
egypt,usdegp,31/05/2017,18.0868
egypt,usdegp,30/05/2017,18.0753
egypt,usdegp,29/05/2017,18.078
egypt,usdegp,28/05/2017,18.0714
egypt,usdegp,25/05/2017,18.0696
egypt,usdegp,24/05/2017,18.0658
egypt,usdegp,23/05/2017,18.0603
egypt,usdegp,22/05/2017,18.0651
egypt,usdegp,21/05/2017,18.0832
egypt,usdegp,18/05/2017,18.0863
egypt,usdegp,17/05/2017,18.0857
egypt,usdegp,16/05/2017,18.0801
egypt,usdegp,15/05/2017,18.0743
egypt,usdegp,14/05/2017,18.0786
egypt,usdegp,11/05/2017,18.0824
egypt,usdegp,10/05/2017,18.0761
egypt,usdegp,09/05/2017,18.0813
egypt,usdegp,08/05/2017,18.0738
egypt,usdegp,04/05/2017,18.0814
egypt,usdegp,03/05/2017,18.0793
egypt,usdegp,02/05/2017,18.075
egypt,usdegp,30/04/2017,18.0765
egypt,usdegp,27/04/2017,18.0738
egypt,usdegp,26/04/2017,18.0919
egypt,usdegp,24/04/2017,18.092
egypt,usdegp,23/04/2017,18.0896
egypt,usdegp,20/04/2017,18.1011
egypt,usdegp,19/04/2017,18.0918
egypt,usdegp,18/04/2017,18.0872
egypt,usdegp,13/04/2017,18.0895
egypt,usdegp,12/04/2017,18.0819
egypt,usdegp,11/04/2017,18.0699
egypt,usdegp,10/04/2017,18.0427
egypt,usdegp,09/04/2017,18.0386
egypt,usdegp,06/04/2017,18.0342
egypt,usdegp,05/04/2017,18.0251
egypt,usdegp,04/04/2017,18.0611
egypt,usdegp,03/04/2017,18.1186
egypt,usdegp,02/04/2017,18.1403
egypt,usdegp,30/03/2017,18.1396
egypt,usdegp,29/03/2017,18.1355
egypt,usdegp,28/03/2017,18.1373
egypt,usdegp,27/03/2017,18.1358
egypt,usdegp,26/03/2017,18.1361
egypt,usdegp,23/03/2017,18.1409
egypt,usdegp,22/03/2017,18.1422
egypt,usdegp,21/03/2017,18.1407
egypt,usdegp,20/03/2017,18.1414
egypt,usdegp,19/03/2017,18.1396
egypt,usdegp,16/03/2017,18.1434
egypt,usdegp,15/03/2017,18.1703
egypt,usdegp,14/03/2017,17.99
egypt,usdegp,13/03/2017,17.7372
egypt,usdegp,12/03/2017,17.697
egypt,usdegp,09/03/2017,17.7215
egypt,usdegp,08/03/2017,17.6947
egypt,usdegp,07/03/2017,17.3962
egypt,usdegp,06/03/2017,16.6584
egypt,usdegp,05/03/2017,16.3928
egypt,usdegp,02/03/2017,16.2665
egypt,usdegp,01/03/2017,15.9907
egypt,usdegp,28/02/2017,15.8214
egypt,usdegp,27/02/2017,15.8191
egypt,usdegp,26/02/2017,15.8123
egypt,usdegp,23/02/2017,15.8128
egypt,usdegp,22/02/2017,15.7884
egypt,usdegp,21/02/2017,15.8035
egypt,usdegp,20/02/2017,15.7827
egypt,usdegp,19/02/2017,15.8008
egypt,usdegp,16/02/2017,16.1493
egypt,usdegp,15/02/2017,16.4474
egypt,usdegp,14/02/2017,16.5634
egypt,usdegp,13/02/2017,17.288
egypt,usdegp,12/02/2017,17.5907
egypt,usdegp,09/02/2017,17.9465
egypt,usdegp,08/02/2017,18.152
egypt,usdegp,07/02/2017,18.3511
egypt,usdegp,06/02/2017,18.4123
egypt,usdegp,05/02/2017,18.448
egypt,usdegp,02/02/2017,18.6949
egypt,usdegp,01/02/2017,18.8298
egypt,usdegp,31/01/2017,18.8148
egypt,usdegp,30/01/2017,18.8328
egypt,usdegp,29/01/2017,18.8266
egypt,usdegp,26/01/2017,18.824
egypt,usdegp,24/01/2017,18.8319
egypt,usdegp,23/01/2017,18.8331
egypt,usdegp,22/01/2017,18.8164
egypt,usdegp,19/01/2017,18.8278
egypt,usdegp,18/01/2017,18.826
egypt,usdegp,17/01/2017,18.8316
egypt,usdegp,16/01/2017,18.7779
egypt,usdegp,15/01/2017,18.7672
egypt,usdegp,12/01/2017,18.7748
egypt,usdegp,11/01/2017,18.7283
egypt,usdegp,10/01/2017,18.4588
egypt,usdegp,09/01/2017,18.2618
egypt,usdegp,08/01/2017,18.1496
egypt,usdegp,05/01/2017,18.1651
egypt,usdegp,04/01/2017,18.2255
egypt,usdegp,03/01/2017,18.2864
egypt,usdegp,02/01/2017,18.2672
egypt,usdegp,29/12/2016,18.2665
egypt,usdegp,28/12/2016,19.0145
egypt,usdegp,27/12/2016,19.0166
egypt,usdegp,26/12/2016,19.0193
egypt,usdegp,25/12/2016,19.0232
egypt,usdegp,22/12/2016,19.0641
egypt,usdegp,21/12/2016,19.317
egypt,usdegp,20/12/2016,19.3568
egypt,usdegp,19/12/2016,18.9622
egypt,usdegp,18/12/2016,18.5223
egypt,usdegp,15/12/2016,18.4724
egypt,usdegp,14/12/2016,18.664
egypt,usdegp,13/12/2016,18.3467
egypt,usdegp,12/12/2016,18.2142
egypt,usdegp,08/12/2016,18.119
egypt,usdegp,07/12/2016,17.993
egypt,usdegp,06/12/2016,17.8684
egypt,usdegp,05/12/2016,17.8589
egypt,usdegp,04/12/2016,17.8174
egypt,usdegp,01/12/2016,17.8946
egypt,usdegp,30/11/2016,17.9474
egypt,usdegp,29/11/2016,17.9026
egypt,usdegp,28/11/2016,17.7473
egypt,usdegp,27/11/2016,17.6938
egypt,usdegp,24/11/2016,17.5854
egypt,usdegp,23/11/2016,17.5232
egypt,usdegp,22/11/2016,17.5373
egypt,usdegp,21/11/2016,17.6231
egypt,usdegp,20/11/2016,17.4007
egypt,usdegp,17/11/2016,15.8386
egypt,usdegp,16/11/2016,15.6084
egypt,usdegp,15/11/2016,15.5174
egypt,usdegp,14/11/2016,15.5458
egypt,usdegp,13/11/2016,15.9409
egypt,usdegp,10/11/2016,16.7481
egypt,usdegp,09/11/2016,17.3376
egypt,usdegp,08/11/2016,17.6299
egypt,usdegp,07/11/2016,16.8372
egypt,usdegp,06/11/2016,15.9432
egypt,usdegp,05/11/2016,14.645
egypt,usdegp,04/11/2016,14.645
egypt,usdegp,03/11/2016,14.645
egypt,usdegp,02/11/2016,8.78
egypt,usdegp,01/11/2016,8.78
egypt,usdegp,31/10/2016,8.78
egypt,usdegp,30/10/2016,8.78
egypt,usdegp,27/10/2016,8.78
egypt,usdegp,26/10/2016,8.78
egypt,usdegp,25/10/2016,8.78
egypt,usdegp,24/10/2016,8.78
egypt,usdegp,23/10/2016,8.78
egypt,usdegp,20/10/2016,8.78
egypt,usdegp,19/10/2016,8.78
egypt,usdegp,18/10/2016,8.78
egypt,usdegp,17/10/2016,8.78
egypt,usdegp,16/10/2016,8.78
egypt,usdegp,13/10/2016,8.78
egypt,usdegp,12/10/2016,8.78
egypt,usdegp,11/10/2016,8.78
egypt,usdegp,10/10/2016,8.78
egypt,usdegp,09/10/2016,8.78
egypt,usdegp,05/10/2016,8.78
egypt,usdegp,04/10/2016,8.78
egypt,usdegp,03/10/2016,8.78
egypt,usdegp,29/09/2016,8.78
egypt,usdegp,28/09/2016,8.78
egypt,usdegp,27/09/2016,8.78
egypt,usdegp,26/09/2016,8.78
egypt,usdegp,25/09/2016,8.78
egypt,usdegp,22/09/2016,8.78
egypt,usdegp,21/09/2016,8.78
egypt,usdegp,20/09/2016,8.78
egypt,usdegp,19/09/2016,8.78
egypt,usdegp,18/09/2016,8.78
egypt,usdegp,15/09/2016,8.78
egypt,usdegp,14/09/2016,8.78
egypt,usdegp,08/09/2016,8.78
egypt,usdegp,07/09/2016,8.78
egypt,usdegp,06/09/2016,8.78
egypt,usdegp,05/09/2016,8.78
egypt,usdegp,04/09/2016,8.78
egypt,usdegp,01/09/2016,8.78
egypt,usdegp,31/08/2016,8.78
egypt,usdegp,30/08/2016,8.78
egypt,usdegp,29/08/2016,8.78
egypt,usdegp,28/08/2016,8.78
egypt,usdegp,25/08/2016,8.78
egypt,usdegp,21/08/2016,8.78
egypt,usdegp,18/08/2016,8.78
egypt,usdegp,17/08/2016,8.78
egypt,usdegp,16/08/2016,8.78
egypt,usdegp,15/08/2016,8.78
egypt,usdegp,14/08/2016,8.78
egypt,usdegp,11/08/2016,8.78
egypt,usdegp,10/08/2016,8.78
egypt,usdegp,09/08/2016,8.78
egypt,usdegp,08/08/2016,8.78
egypt,usdegp,07/08/2016,8.78
egypt,usdegp,04/08/2016,8.78
egypt,usdegp,03/08/2016,8.78
egypt,usdegp,02/08/2016,8.78
egypt,usdegp,01/08/2016,8.78
egypt,usdegp,31/07/2016,8.78
egypt,usdegp,28/07/2016,8.78
egypt,usdegp,27/07/2016,8.78
egypt,usdegp,26/07/2016,8.78
egypt,usdegp,25/07/2016,8.78
egypt,usdegp,24/07/2016,8.78
egypt,usdegp,21/07/2016,8.78
egypt,usdegp,20/07/2016,8.78
egypt,usdegp,19/07/2016,8.78
egypt,usdegp,18/07/2016,8.78
egypt,usdegp,17/07/2016,8.78
egypt,usdegp,14/07/2016,8.78
egypt,usdegp,13/07/2016,8.78
egypt,usdegp,12/07/2016,8.78
egypt,usdegp,11/07/2016,8.78
egypt,usdegp,10/07/2016,8.78
egypt,usdegp,04/07/2016,8.78
egypt,usdegp,03/07/2016,8.78
egypt,usdegp,29/06/2016,8.78
egypt,usdegp,28/06/2016,8.78
egypt,usdegp,27/06/2016,8.78
egypt,usdegp,26/06/2016,8.78
egypt,usdegp,23/06/2016,8.78
egypt,usdegp,22/06/2016,8.78
egypt,usdegp,21/06/2016,8.78
egypt,usdegp,20/06/2016,8.78
egypt,usdegp,19/06/2016,8.78
egypt,usdegp,16/06/2016,8.78
egypt,usdegp,15/06/2016,8.78
egypt,usdegp,14/06/2016,8.78
egypt,usdegp,13/06/2016,8.78
egypt,usdegp,12/06/2016,8.78
egypt,usdegp,09/06/2016,8.78
egypt,usdegp,08/06/2016,8.78
egypt,usdegp,07/06/2016,8.78
egypt,usdegp,06/06/2016,8.78
egypt,usdegp,05/06/2016,8.78
egypt,usdegp,02/06/2016,8.78
egypt,usdegp,01/06/2016,8.78
egypt,usdegp,31/05/2016,8.78
egypt,usdegp,30/05/2016,8.78
egypt,usdegp,29/05/2016,8.78
egypt,usdegp,26/05/2016,8.78
egypt,usdegp,25/05/2016,8.78
egypt,usdegp,24/05/2016,8.78
egypt,usdegp,23/05/2016,8.78
egypt,usdegp,22/05/2016,8.78
egypt,usdegp,19/05/2016,8.78
egypt,usdegp,18/05/2016,8.78
egypt,usdegp,17/05/2016,8.78
egypt,usdegp,16/05/2016,8.78
egypt,usdegp,15/05/2016,8.78
egypt,usdegp,12/05/2016,8.78
egypt,usdegp,11/05/2016,8.78
egypt,usdegp,10/05/2016,8.78
egypt,usdegp,09/05/2016,8.78
egypt,usdegp,08/05/2016,8.78
egypt,usdegp,05/05/2016,8.78
egypt,usdegp,04/05/2016,8.78
egypt,usdegp,03/05/2016,8.78
egypt,usdegp,28/04/2016,8.78
egypt,usdegp,27/04/2016,8.78
egypt,usdegp,26/04/2016,8.78
egypt,usdegp,24/04/2016,8.78
egypt,usdegp,23/04/2016,8.78
egypt,usdegp,22/04/2016,8.78
egypt,usdegp,21/04/2016,8.78
egypt,usdegp,17/04/2016,8.78
egypt,usdegp,14/04/2016,8.78
egypt,usdegp,13/04/2016,8.78
egypt,usdegp,12/04/2016,8.78
egypt,usdegp,11/04/2016,8.78
egypt,usdegp,10/04/2016,8.78
egypt,usdegp,07/04/2016,8.78
egypt,usdegp,06/04/2016,8.78
egypt,usdegp,05/04/2016,8.78
egypt,usdegp,04/04/2016,8.78
egypt,usdegp,03/04/2016,8.78
egypt,usdegp,31/03/2016,8.78
egypt,usdegp,30/03/2016,8.78
egypt,usdegp,29/03/2016,8.78
egypt,usdegp,28/03/2016,8.78
egypt,usdegp,27/03/2016,8.78
egypt,usdegp,24/03/2016,8.78
egypt,usdegp,23/03/2016,8.78
egypt,usdegp,22/03/2016,8.78
egypt,usdegp,21/03/2016,8.78
egypt,usdegp,20/03/2016,8.78
egypt,usdegp,17/03/2016,8.78
egypt,usdegp,16/03/2016,8.78
egypt,usdegp,15/03/2016,8.85
egypt,usdegp,14/03/2016,8.85
egypt,usdegp,13/03/2016,7.7301
egypt,usdegp,10/03/2016,7.7301
egypt,usdegp,09/03/2016,7.7301
egypt,usdegp,08/03/2016,7.7301
egypt,usdegp,07/03/2016,7.7301
egypt,usdegp,06/03/2016,7.7301
egypt,usdegp,03/03/2016,7.7301
egypt,usdegp,02/03/2016,7.7301
egypt,usdegp,01/03/2016,7.7301
egypt,usdegp,29/02/2016,7.7301
egypt,usdegp,28/02/2016,7.7301
egypt,usdegp,25/02/2016,7.7301
egypt,usdegp,24/02/2016,7.7301
egypt,usdegp,23/02/2016,7.7301
egypt,usdegp,22/02/2016,7.7301
egypt,usdegp,21/02/2016,7.7301
egypt,usdegp,18/02/2016,7.7301
egypt,usdegp,17/02/2016,7.7301
egypt,usdegp,16/02/2016,7.7301
egypt,usdegp,15/02/2016,7.7301
egypt,usdegp,14/02/2016,7.7301
egypt,usdegp,11/02/2016,7.7301
egypt,usdegp,10/02/2016,7.7301
egypt,usdegp,09/02/2016,7.7301
egypt,usdegp,08/02/2016,7.7301
egypt,usdegp,07/02/2016,7.7301
egypt,usdegp,04/02/2016,7.7301
egypt,usdegp,03/02/2016,7.7301
egypt,usdegp,02/02/2016,7.7301
egypt,usdegp,01/02/2016,7.7301
egypt,usdegp,31/01/2016,7.7301
egypt,usdegp,28/01/2016,7.7301
egypt,usdegp,27/01/2016,7.7301
egypt,usdegp,26/01/2016,7.7301
egypt,usdegp,24/01/2016,7.7301
egypt,usdegp,21/01/2016,7.7301
egypt,usdegp,20/01/2016,7.7301
egypt,usdegp,19/01/2016,7.7301
egypt,usdegp,18/01/2016,7.7301
egypt,usdegp,17/01/2016,7.7301
egypt,usdegp,14/01/2016,7.7301
egypt,usdegp,13/01/2016,7.7301
egypt,usdegp,12/01/2016,7.7301
egypt,usdegp,11/01/2016,7.7301
egypt,usdegp,10/01/2016,7.7301
egypt,usdegp,06/01/2016,7.7301
egypt,usdegp,05/01/2016,7.7301
egypt,usdegp,04/01/2016,7.7301
egypt,usdegp,03/01/2016,7.7301
